Workbook

Sheet Pivot Table 5
N1: Hasil
N2: Lolos Administrasi
N3: Lolos Administrasi
N4: Lolos Administrasi
N5: Lolos Administrasi
N6: Lolos Administrasi
N7: Tidak Lolos Administrasi | O7: belum diumumkan
N8: Lolos Administrasi
N9: Lolos Administrasi
N10: Lolos Administrasi
N11: Lolos Administrasi
N12: Tidak Lolos Administrasi
N13: Lolos Administrasi
N14: Tidak Lolos Administrasi
N15: Tidak Lolos Administrasi
N16: Lolos Administrasi
N17: Tidak Lolos Administrasi
N18: Lolos Administrasi
N19: Lolos Administrasi
... N90: Lolos Administrasi
A91: Kabupaten Buton Tengah, Sulawesi Tenggara | B91: Tenaga pendampingan pembelajaran mata pelajaran TIK | C91: muh. andy afdal., M.Pd., Gr | D91: 36160 | E91: Tadris Biologi | F91: 3.60 | G91: Biologi | H91: 3.91 | I91: https://drive.google.com/drive/folders/19r7Cl5nUN2M2MKhSE7bGX8tAGaPZ57JC | J91: 085242615796 | N91: Lolos Administrasi
B92: Kabupaten Buton Tengah - Tenaga pendampingan pembelajaran mata Pelajaran Pendidikan Pancasila | C92: Nuzulia Fitriana, S.Pd., M.Pd. | D92: 34986 | E92: Pendidikan Pancasila dan Kewarganegaraan | F92: 3.54 | G92: Pendidikan Pancasila dan Kewarganegaraan (PKn) | H92: - | I92: https://youtu.be/37xNnZIRYh8?si=ZntzwVImPe4feJBs | J92: 085702115262 | N92: Lolos Administrasi
B93: Kabupaten Jepara - Tenaga pendampingan pembelajaran mata Pelajaran Bahasa Inggris | C93: Dewi Inda Musni, S.Pd., Gr. | D93: 36000 | E93: Pendidikan IPA | F93: 3.70 | G93: Ilmu Pengetahuan Alam (IPA) | H93: 3.99 | I93: https://drive.google.com/drive/folders/1YLcx8j3x4rEq2EPc1oUEnY0ns2CZx521 | J93: 082323558624 | N93: Tidak Lolos Administrasi | O93: tidak linear
B94: Kabupaten Buton Tengah - Tenaga pendampingan pembelajaran mata pelajaran TIK | C94: Seno Setiyawan, S.Si, Gr | D94: 34873 | E94: Matematika | F94: 3.11 | G94: Matematika | H94: 3.90 | I94: https://drive.google.com/drive/folders/17MT469v6DaHmpoLFdWBe241N_dObmepV?usp=drive_link | J94: 085799588894 | N94: Tidak Lolos Administrasi | O94: IPK S1 dibawah 3.25
B95: Kabupaten Buton Tengah - Tenaga pendampingan pembelajaran mata pelajaran TIK | C95: Talitha Nabilah, S.Pd. Gr. | D95: 36964 | E95: Pendidikan Fisika | F95: 3.77 | G95: Pendidikan Guru Sekolah Dasar (PGSD) | H95: 3.96 | I95: https://drive.google.com/file/d/1esCIwzUph4H8JVvdlxBZpkGt2mgfGEOw/view?usp=sharing | J95: 082334453085 | N95: Tidak Lolos Administrasi | O95: tidak linear
B96: Kabupaten Jepara - Tenaga pendampingan pembelajaran mata Pelajaran Bahasa Inggris | C96: Fajar Ady Widyanto, S.Pd., Gr. | D96: 34480 | E96: Pendidikan Seni Rupa | F96: 3.10 | G96: Seni Budaya | H96: 3.91 | I96: https://drive.google.com/file/d/1cmV4eplHOudpvjZyn_HVJK6lNiw9g58G/view?usp=drivesdk | J96: 08135761188 | N96: Tidak Lolos Administrasi | O96: Umur, IPK, dan tidak linear
B97: Kabupaten Buton Tengah - Tenaga pendampingan pembelajaran mata pelajaran TIK | C97: Muhammad Mukammil, S.Pd., Gr | D97: 36856 | E97: Pendidikan Teknologi Informasi | F97: 3.73 | G97: Informatika | H97: 3.98 | I97: https://drive.google.com/file/d/1Y1HflIYtf8a__N_hRkDkNxk37uHu01vn/view?usp=drive_link | J97: 082236786534 | N97: Lolos Administrasi
B98: Kabupaten Buton Tengah - Tenaga pendampingan pembelajaran mata pelajaran TIK | C98: Vira Oktaviana, S.Pd.Gr | D98: 36441 | E98: Pendidikan Teknik Informatika dan Komputer | F98: 3.47 | G98: Informatika | H98: 3.96 | I98: https://drive.google.com/file/d/16iPyUf7iTQQhSLQ91kRa-Q5r3R0NU1Zz/view?usp=drive_link | J98: 085875666255 | N98: Lolos Administrasi
B99: Kabupaten Jepara - Tenaga pendampingan pembelajaran mata Pelajaran Bahasa Inggris | C99: Cahyo Tomi Prakoso, S.Pd., Gr. | D99: 35562 | E99: Pendidikan Bahasa Inggris | F99: 3.37 | G99: Bahasa Inggris | H99: 3.31 | I99: https://drive.google.com/file/d/1pC-5PPO96WmgmPD63ulKwXOSpWLxgzJw/view?usp=drivesdk | J99: 08993882246 | N99: Lolos Administrasi

Sheet Form Responses 1
A1: Timestamp | B1: Email Address | C1: Nama Lengkap (disertai gelar) | D1: PTK ID / SIMPKB ID | E1: Nomor WA | F1: Tanggal Lahir | G1: Program Studi S-1/D-IV | H1: Asal Universitas S-1/D-IV | I1: Bidang Studi PPG (sesuai yg tertulis di Serdik) | J1: Angkatan PPG | K1: Tahun Lulus PPG (sesuai dengan tahun penerbitan Sertifikat Pendidik) | L1: IPK saat S1 | M1: IPK saat PPG | N1: Domisili Anda saat ini? (Contoh : Kota Surakarta, Jawa Tengah) | O1: Berkedudukan sebagai calon PNS, PNS, PPPK, PPPK Paruh Waktu, prajurit Tentara Nasional Indonesia, atau anggota Kepolisian Negara Republik Indonesia; | P1: Jabatan dan Lokasi TPP yang dilamar | Q1: Pilihan Lokasi Sekolah Nasional Terintegrasi | R1: Sertifikat Pelatihan Peningkatan Komptenesi (5 tahun terakhir) | S1: Video Microteaching | T1: Kategori Pendaftar | U1: NIM PPG (dapat dilihat pada web: https://valid.fkip.uns.ac.id) | V1: NIM S1 | W1: Program Studi S1 | X1: LPTK PPG | Y1: NIM PPG | Z1: Upload Scan Sertifikat Pendidik (serdik) | AA1: Column 27 | AB1: Column 28 | AC1: Column 29 | AD1: Column 30 | AE1: Column 31 | AF1: Column 32
A2: 46231.922 | B2: rrizkhyadhi21@gmail.com | C2: Rizky Adi Nugroho S.Pd.,Gr. | D2: 7000247262 | E2: 085713086642 | F2: 36791 | G2: Pendidikan Jasmani | H2: UNIVERSITAS TUNAS PEMBANGUNAN SURAKARTA | I2: Pendidikan Jasmani, Olahraga, dan Kesehatan (PJOK) | J2: PPG Calon Guru Gelombang 2 Tahun 2024 | K2: 2025 | L2: 3.57 | M2: 3.88 | N2: Sukoharjo, Jawa Tengah | O2: Tidak | P2: Tenaga pendampingan pembelajaran mata Pelajaran Penjasorkes | Q2: Kabupaten Jepara, Jawa Tengah | R2: https://drive.google.com/drive/folders/1dsYqEqelctlZxB4Hys2aTvWw_xo7AZBD?usp=drive_link | S2: https://drive.google.com/file/d/1iCxSV9hd262CkcTCjL23f6n7t7EoV6ur/view?usp=sharing | T2: Alumni PPG Calon Guru / Prajabatan FKIP UNS | U2: X942408406 | V2: D0418008 | W2: PENDIDIKAN JASMANI | X2: UNIVERSITAS SEBELAS MARET SURAKARTA | Y2: X942408406
A3: 46229.615 | B3: puspitadianaarumawati@gmail.com | C3: Puspita Diana Arumawati, M.Pd., Gr. | D3: 7000086670 | E3: 082313256124 | F3: 36249 | G3: Pendidikan Biologi | H3: Universitas Negeri Semarang | I3: Biologi | J3: PPG Prajabatan Gelombang 2 Tahun 2022 | K3: 2023 | L3: 3.49 | M3: 3.94 | N3: Kabupaten Boyolali, Jawa Tengah | O3: Tidak | P3: Tenaga pendampingan pembelajaran mata Pelajaran Ilmu Pengetahuan Alam (IPA) untuk mengajar mata pelajaran Biologi, Kimia, Fisika | Q3: Kabupaten Jepara, Jawa Tengah | R3: https://drive.google.com/drive/folders/16x0nmGx6I5WGw8jgQGGJwL-c62fCaeiM?usp=drive_link | S3: https://drive.google.com/drive/folders/1LUwVcKfRJZTw2XbLLprTSDJ04eWDmd0c?usp=sharing | T3: Alumni PPG Calon Guru / Prajabatan FKIP UNS | U3: X9022084121 | V3: - | W3: - | X3: - | Y3: -
A4: 46229.615 | B4: hanafifuad33@gmail.com | C4: Fuad Hanafi, S.Pd., Gr. | D4: 7000266546 | E4: 087836197102 | F4: 37414 | G4: Pendidikan Bahasa dan Sastra Indonesia | H4: Universitas Muhammadiyah Surakarta | I4: Bahasa Indonesia | J4: PPG Prajabatan Gelombang 1 Tahun 2024 | K4: 2025 | L4: 3.79 | M4: 3.86 | N4: Sragen, Jawa Tengah | O4: Tidak | P4: Tenaga pendampingan pembelajaran mata Pelajaran Bahasa Indonesia | Q4: Kabupaten Jepara, Jawa Tengah | R4: https://drive.google.com/drive/folders/1sbX_gWwophHrTMrZOyC0f5Nbdw36cMSx | S4: https://drive.google.com/drive/folders/1nSG76BaQdtMG-CDvZEJRGPQJe22CUPnC | T4: Alumni PPG Calon Guru / Prajabatan FKIP UNS | U4: X942408195 | V4: - | W4: - | X4: Universitas Sebelas Maret | Y4: -
A5: 46230.947 | B5: nalapawitri81@gmail.com | C5: Nala Pawitri Andanawarih, S.Pd.,Gr | D5: 7000088952 | E5: 089515819690 | F5: 36154 | G5: Pendidikan Seni Tari | H5: Universitas Negeri Semarang | I5: Seni Budaya | J5: PPG Prajabatan Gelombang 1 Tahun 2023 | K5: 2024 | L5: 3.28 | M5: 3.86 | N5: Banyumas, Jawa Tengah | O5: Tidak | P5: Tenaga pendampingan pembelajaran mata Pelajaran Seni, Budaya, dan Prakarya | Q5: Kabupaten Jepara, Jawa Tengah | R5: - | S5: https://drive.google.com/drive/folders/1yCvx2arxXyITby30A4zMMaHb1zIP3NMt?hl=ID | T5: Alumni PPG Calon Guru / Prajabatan FKIP UNS | U5: X902308613 | V5: 2501417040 | W5: Pendidikan Seni Tari | X5: Universitas Sebelas Maret (UNS) | Y5: X902308613
A6: 46229.625 | B6: zahraarqam@gmail.com | C6: Sitti Zahra Riarana Arqam, S.Pd.Gr | D6: 700216115 | E6: 085399527002 | F6: 34744 | G6: Pendidikan Jasmani, Kesehatan dan Rekreasi | H6: Universitas Halu Oleo | I6: Pendidikan Jasmani, Olahraga, dan Kesehatan (PJOK) | J6: PPG Calon Guru Gelombang 2 Tahun 2024 | K6: 2025 | L6: 3.35 | M6: 4.00 | N6: Kota kendari, Sulawesi Tenggara | O6: Tidak | P6: Tenaga pendampingan pembelajaran mata Pelajaran Penjasorkes | Q6: Kabupaten Buton Tengah, Sulawesi Tenggara | R6: https://drive.google.com/file/d/1RTVKYZC70VNFZ0Li44B1okppAyidoSP2/view?usp=sharing | S6: https://drive.google.com/drive/folders/1v7ET-0MLyK3nfkDv6QSCOQu7jdaH58zl | T6: Alumni PPG Calon Guru / Prajabatan FKIP UHO | Y6: A3S224349
A7: 46229.728 | B7: ppg.syahnadinnuridha91@program.belajar.id | C7: SYAHNADIN NURIDHA, S. Pd., Gr | D7: 7000141094 | E7: 082322016171 | F7: 36178 | G7: S1 PENDIDIKAN IPA | H7: UNIVERSITAS NEGERI SEMARANG | I7: Ilmu Pengetahuan Alam (IPA) | J7: PPG Prajabatan Gelombang 1 Tahun 2023 | K7: 2024 | L7: 3.45 | M7: 3.94 | N7: SURAKARTA | O7: Tidak | P7: Tenaga pendampingan pembelajaran mata Pelajaran Ilmu Pengetahuan Alam (IPA) untuk mengajar mata pelajaran Biologi, Kimia, Fisika | Q7: Kabupaten Jepara, Jawa Tengah | R7: https://drive.google.com/drive/folders/1zI1VsvS3r7N2xgGHzHSOeXsPBlYpL9ku?usp=sharing | S7: https://drive.google.com/drive/folders/1zI1VsvS3r7N2xgGHzHSOeXsPBlYpL9ku?usp=sharing | T7: Alumni PPG Calon Guru / Prajabatan FKIP UNS | U7: X902308868 | V7: 4001417039 | W7: PENDIDIKAN IPA | X7: UNIVERSITAS SEBELAS MARET | Y7: X902308868
A8: 46231.355 | B8: syiadwi13@gmail.com | C8: Syifa Dwi Novita, S.Pd., Gr. | D8: 7000012366 | E8: 089608882627 | F8: 35747 | G8: S1 Pendidikan Biologi | H8: Universitas Muhammadiyah Purwokerto | I8: Ilmu Pengetahuan Alam (IPA) | J8: PPG Prajabatan Gelombang 1 Tahun 2023 | K8: 2024 | L8: 3.36 | M8: 3.98 | N8: Kedungrandu RT 1 RW 3, Kecamatan Patikraja, Kabupaten Banyumas | O8: Tidak | P8: Tenaga pendampingan pembelajaran mata Pelajaran Ilmu Pengetahuan Alam (IPA) untuk mengajar mata pelajaran Biologi, Kimia, Fisika | Q8: Kabupaten Jepara, Jawa Tengah | R8: https://drive.google.com/file/d/1X90srqhGWSBgzBIWf55Q0lMEEvUwXmVt/view?usp=sharing | S8: https://drive.google.com/drive/folders/1sDPOjTor3XOExzch1Qzi6KmtuS5XvMav?usp=drive_link | T8: Alumni PPG Calon Guru / Prajabatan FKIP UNS | U8: X902308871 | V8: 1501070008 | W8: S1 Pendidikan Biologi | X8: Universitas Sebelas Maret | Y8: -
A9: 46229.863 | B9: intaniaeka@gmail.com | C9: Intania Eka Yanti, S.Kom., Gr. | D9: 7000230682 | E9: 089662119850 | F9: 36233 | G9: S1 Sistem Informasi | H9: Universitas Telkom | I9: Informatika | J9: PPG Calon Guru Gelombang 2 Tahun 2024 | K9: 2025 | L9: 3.05 | M9: 3.94 | N9: Klaten, Jawa Tengah | O9: Tidak | P9: Tenaga pendampingan pembelajaran mata pelajaran TIK | Q9: Kabupaten Jepara, Jawa Tengah | R9: https://drive.google.com/drive/folders/1M6zYjueC4knG4C45THwrSOKv3fiE93TK?usp=sharing | S9: https://drive.google.com/drive/folders/1M6zYjueC4knG4C45THwrSOKv3fiE93TK?usp=sharing | T9: Alumni PPG Calon Guru / Prajabatan FKIP UNS | U9: X942408242 | V9: 1202174075 | W9: S1 Sistem Informasi | X9: Universitas Sebelas Maret | Y9: X942408242
A10: 46233.869 | B10: harnianisiti01.sa@gmail.com | C10: Siti Harniani, S. Pd | D10: 7000227911 | E10: 085342840408 | F10: 34581 | G10: Pendidikan Matematika | H10: Universitas Dayanu Ikhsanuddin | I10: Matematika | J10: PPG Prajabatan Gelombang 1 Tahun 2024 | K10: 2024 | L10: 3.57 | M10: 4.0 | N10: Kota Baubau, Sulawesi Tenggara | O10: Tidak | P10: Tenaga pendampingan pembelajaran mata Pelajaran Matematika (umum) | Q10: Kabupaten Buton Tengah, Sulawesi Tenggara | R10: https://drive.google.com/drive/folders/1W1SJkFGvffoQIz8_dEpLvZ7DVpQoENcq?usp=sharing | S10: https://drive.google.com/drive/folders/1w3AotyxcLiwjWuZcnqdtSFTGCadiF0xD?usp=sharing | T10: Alumni PPG Calon Guru / Prajabatan FKIP UHO | Y10: A3S224039
A11: 46229.968 | B11: adibirhamali@gmail.com | C11: Moch. Adib Irham Ali | D11: 7000202065 | E11: 081328698419 | F11: 35906 | G11: Pendidikan Sejarah | H11: Universitas Sebelas Maret | I11: Sejarah | J11: PPG Prajabatan Gelombang 2 Tahun 2023 | K11: 2024 | L11: 3.72 | M11: 4.00 | N11: Surakarta, Jawa Tengah | O11: Tidak | P11: Tenaga pendampingan pembelajaran mata Pelajaran Ilmu Pengetahuan Sosial (IPS) untuk mengajar mata pelajaran Sosiologi, Ekonomi, Geografi, dan Sejarah | Q11: Kabupaten Jepara, Jawa Tengah | R11: https://drive.google.com/drive/folders/14p8zvTWQB0cfS1KGcdo-A9IR61ZpUngs | S11: https://drive.google.com/drive/folders/14tm61sfbexmy9YMN6u3Mp_YaYsqT-5st | T11: Alumni PPG Calon Guru / Prajabatan FKIP UNS | U11: X9023083636 | V11: K4416037 | W11: Pendidikan Sejarah | X11: Universitas Sebelas Maret | Y11: X9023083636
A12: 46230.052 | B12: fitrinurhayani23@gmail.com | C12: Fitri Nurhayani, S.Pd | D12: 7000094807 | E12: 087719811922 | F12: 35825 | G12: Pendidikan Biologi | H12: Universitas Muhammadiyah Surakarta | I12: Ilmu Pengetahuan Alam (IPA) | J12: PPG Prajabatan Gelombang 1 Tahun 2023 | K12: 2024 | L12: 3.66 | M12: 3.97 | N12: Wonogiri, Jawa Tengah | O12: Tidak | P12: Tenaga pendampingan pembelajaran mata Pelajaran Ilmu Pengetahuan Alam (IPA) untuk mengajar mata pelajaran Biologi, Kimia, Fisika | Q12: Kabupaten Jepara, Jawa Tengah | R12: https://drive.google.com/drive/folders/1e8cKyNE3L_Zkdzx_WNKYqXprhRNVOZaq?usp=sharing | S12: https://drive.google.com/drive/folders/15ZPYQ3Clfe0EygnIfgBgzYEpRIik_sBB?usp=sharing | T12: Alumni PPG Calon Guru / Prajabatan FKIP UNS | U12: X902308362 | V12: 3.66 | W12: Pendidikan Biologi | X12: Universias Sebelas Maret (UNS) | Y12: X902308362
A13: 46230.071 | B13: asmildanurrahmawati@gmail.com | C13: Asmilda Nur Rahmawati S. Pd., Gr. | D13: 7000127861 | E13: 08999882330 | F13: 36756 | G13: Bimbingan dan konseling | H13: UNS | I13: Bimbingan dan Konseling | J13: PPG Prajabatan Gelombang 1 Tahun 2023 | K13: 2024 | L13: 3.65 | M13: 3.68 | N13: Kota Surakarta, Jawa Tengah | O13: Tidak | P13: Tenaga pendampingan pembelajaran mata Pelajaran Bimbingan dan Konseling | Q13: Kabupaten Jepara, Jawa Tengah | R13: https://drive.google.com/drive/folders/11lA10UXXoYhzvsfhUICgbtGtbGv8eSte | S13: https://drive.google.com/drive/folders/11lA10UXXoYhzvsfhUICgbtGtbGv8eSte | T13: Alumni PPG Calon Guru / Prajabatan FKIP UNS | U13: X902308141 | V13: K3118009 | W13: Bimbingan dan konseling | X13: Uns | Y13: -
A14: 46230.311 | B14: thaariqholland@student.uns.ac.id | C14: Muhammad Ath Thaariq Aziizi, S.Pd, Gr. | D14: 7000287279 | E14: 6281357514433 | F14: 36644 | G14: S-1 Pendidikan Sejarah | H14: Universitas Sebelas Maret | I14: Sejarah | J14: PPG Calon Guru Gelombang 2 Tahun 2024 | K14: 2025 | L14: 3.69 | M14: 3.84 | N14: Kabupaten Karanganyar, Jawa Tengah | O14: Tidak | P14: Tenaga pendampingan pembelajaran mata Pelajaran Ilmu Pengetahuan Sosial (IPS) untuk mengajar mata pelajaran Sosiologi, Ekonomi, Geografi, dan Sejarah | Q14: Kabupaten Jepara, Jawa Tengah | R14: https://uns.id/sertifpendidikanthaariq | S14: https://uns.id/veditukinthaariq | T14: Alumni PPG Calon Guru / Prajabatan FKIP UNS | U14: X942408310 | V14: K4419061 | W14: Pendidikan Sejarah | X14: Fakultas Ilmu Pendidikan dan Keguruan Universitas Sebelas Maret | Y14: -
A15: 46232.403 | B15: parifunm@gmail.com | C15: Parif, S.Pd., Gr. | D15: 7000193855 | E15: 085340567074 | F15: 36830 | G15: Pendidikan Akuntansi | H15: Universitas Negeri Makassar | I15: Akuntansi dan Keuangan | J15: PPG Calon Guru Gelombang 2 Tahun 2024 | K15: 2025 | L15: 3.63 | M15: 3.95 | N15: Kabupaten Maros | O15: Tidak | P15: Tenaga pendampingan pembelajaran mata Pelajaran Ilmu Pengetahuan Sosial (IPS) untuk mengajar mata pelajaran Sosiologi, Ekonomi, Geografi, dan Sejarah | Q15: Kabupaten Buton Tengah, Sulawesi Tenggara | R15: - | S15: https://drive.google.com/drive/folders/1GuUofoo8Ml4RxgfNRLC35L22Cqhy-kvo?usp=drive_link | T15: Alumni PPG Calon Guru / Prajabatan FKIP UNS | U15: X942408364 | V15: 1892041011 | W15: Pendidikan Akuntansi | X15: Universitas Negeri Makassar | Y15: X942408364
A16: 46231.633 | B16: nuningwijayanti248@gmail.com | C16: Nuning Wijayanti, S.Pd., Gr. | D16: 7000180386 | E16: 082323953038 | F16: 37225 | G16: S1 Pendidikan Bahasa dan Sastra Indonesia | H16: Universitas Tidar | I16: Bahasa Indonesia | J16: PPG Prajabatan Gelombang 2 Tahun 2023 | K16: 2024 | L16: 3.67 | M16: 3.73 | N16: Boyolali, Jawa Tengah | O16: Tidak | P16: Tenaga pendampingan pembelajaran mata Pelajaran Bahasa Indonesia | Q16: Kabupaten Jepara, Jawa Tengah | R16: https://drive.google.com/drive/folders/1PUlPUxJ9ULoWvGmLXEt0GU-YNtECwhXO | S16: https://drive.google.com/drive/folders/1cJkn_IoYOOXnOYMya1m1-G4ZZwiFqF5_ | T16: Alumni PPG Calon Guru / Prajabatan FKIP UNS | U16: X9023083681 | V16: 1910301058 | W16: Pendidikan Bahasa dan Sastra Indonesia | X16: Universitas Sebelas Maret | Y16: X9023083681
A17: 46231.74 | B17: ayum9003@gmail.com | C17: Mita Ayu Wulandari. S.Pd. | D17: 7000115177 | E17: 085238383337 | F17: 35061 | G17: Pendidikan Bahasa dan Sastra Indonesia | H17: Universitas Halu Oleo | I17: Bahasa Indonesia | J17: PPG Prajabatan Gelombang 1 Tahun 2023 | K17: 2024 | L17: 3.38 | M17: 4.00 | N17: Kota Kendari, Sulawesi Tenggara | O17: Tidak | P17: Tenaga pendampingan pembelajaran mata Pelajaran Bahasa Indonesia | Q17: Kabupaten Buton Tengah, Sulawesi Tenggara | R17: https://drive.google.com/drive/folders/12b_894tcCUKoJy5WHk7I7pof-VbaAG9v?usp=sharing | S17: https://drive.google.com/file/d/16I25Hub_4HCCCCFxaPj0dOUzgE7zysB3/view?usp=sharing | T17: Alumni PPG Calon Guru / Prajabatan FKIP UHO | Y17: A3S223077
A18: 46230.797 | B18: whhanatthahiraha8@gmail.com | C18: WH. HANAT THAHIRAH A., S.Pd, Gr. | D18: whhanatthahiraha8@gmail.com | E18: 082355139889 | F18: 37031 | G18: Pendidikan Biologi | H18: Universitas Halu Oleo | I18: Pendidikan Guru Sekolah Dasar (PGSD) | J18: PPG Calon Guru Gelombang 2 Tahun 2024 | K18: 2025 | L18: 3.42 | M18: 4.00 | N18: Kota Kendari, Sulawesi Tenggara | O18: Tidak | P18: Tenaga pendampingan pembelajaran mata Pelajaran Ilmu Pengetahuan Alam (IPA) untuk mengajar mata pelajaran Biologi, Kimia, Fisika | Q18: Kabupaten Buton Tengah, Sulawesi Tenggara | R18: https://drive.google.com/folderview?id=1-H0dgyCTkBx1Sx2sbwB_7BZN52kyclaR | S18: https://drive.google.com/folderview?id=1-GJrqYOfO4bnWQzG1X4FXH_EjpFWvBSi | T18: Alumni PPG Calon Guru / Prajabatan FKIP UHO | Y18: A3S224310
A19: 46230.886 | B19: azizahfajriatul@gmail.com | C19: Fajriatul 'Azizah | D19: 7000058324 | E19: 085743571470 | F19: 34712 | G19: Akuntansi | H19: Universitas Muhammadiyah Magelang | I19: Akuntansi dan Keuangan | J19: PPG Calon Guru Gelombang 2 Tahun 2024 | K19: 2025 | L19: 3.82 | M19: 3.98 | N19: Kabupaten Magelang | O19: Tidak | P19: Tenaga pendampingan pembelajaran mata Pelajaran Ilmu Pengetahuan Sosial (IPS) untuk mengajar mata pelajaran Sosiologi, Ekonomi, Geografi, dan Sejarah | Q19: Kabupaten Jepara, Jawa Tengah | R19: https://drive.google.com/drive/folders/1m91u-ixafYRtV4PP1DwSgpzZITA4pMTK?usp=sharing | S19: https://drive.google.com/file/d/1ZM2qaVqkQD-_tnv9zBhxAM7nrL9WyS0c/view?usp=drive_link | T19: Alumni PPG Calon Guru / Prajabatan FKIP UNS | U19: X942408172 | V19: 1601020011 | W19: Akuntansi | X19: Universitas Sebelas Maret | Y19: X942408172
A20: 46230.9 | B20: afrilianto@student.uns.ac.id | C20: Afri Lianto, S.Pd., Gr. | D20: 7000158269 | E20: 085740702984 | F20: 36262 | G20: S-1 | H20: Universitas Negeri Yogyakarta | I20: Pendidikan Jasmani, Olahraga, dan Kesehatan (PJOK) | J20: PPG Prajabatan Gelombang 1 Tahun 2023 | K20: 2024 | L20: 3.55 | M20: 3.98 | N20: Desa Krenceng, Rt 02 Rw 01 Kec.Kejobong, Kab.Purbingga, Jawa Tengah | O20: Tidak | P20: Tenaga pendampingan pembelajaran mata Pelajaran Penjasorkes | Q20: Kabupaten Jepara, Jawa Tengah | R20: https://drive.google.com/drive/folders/1qirwr70MFDx3AkmSPCtOXtF91TmXq43v | S20: https://drive.google.com/drive/folders/1PzS9P01UHo8ahunVVv6jD4ARfGViRjOG | T20: Alumni PPG Calon Guru / Prajabatan FKIP UNS | U20: X902308022 | V20: - | W20: - | X20: - | Y20: -
A21: 46230.949 | B21: ppg.lailamuniroh92@program.belajar.id | C21: Laila Magfirul Muniroh, S.Pd,. Gr | D21: 7000133033 | E21: 082138175793 | F21: 36520 | G21: Pendidikan Sejarah | H21: Universitas Sebelas Maret | I21: Sejarah | J21: PPG Prajabatan Gelombang 2 Tahun 2023 | K21: 2024 | L21: 3.71 | M21: 3.98 | N21: Kota Surakarta, Jawa Tengah | O21: Tidak | P21: Tenaga pendampingan pembelajaran mata Pelajaran Ilmu Pengetahuan Sosial (IPS) untuk mengajar mata pelajaran Sosiologi, Ekonomi, Geografi, dan Sejarah | Q21: Kabupaten Jepara, Jawa Tengah | R21: https://drive.google.com/drive/folders/1qtGqu3dQCug1Ta3kijfkP0VPhlHpTTpT?usp=drive_link | S21: https://drive.google.com/drive/folders/19wdv2SGiikjLmsRGeg6Us3PtGVYARdEH?usp=sharing | T21: Alumni PPG Calon Guru / Prajabatan FKIP UNS | U21: X9023083600 | V21: K4418039 | W21: Pendidikan Sejarah | X21: Universitas Sebelas Maret | Y21: X9023083600
A22: 46231.161 | B22: ppg.imronkamaludin02@program.belajar.id | C22: Imron Arya Kamaludin, S.Pd., Gr. | D22: 7000124340 | E22: 085712992243 | F22: 36584 | G22: S1 Pendidikan Biologi | H22: Universitas Tidar | I22: Ilmu Pengetahuan Alam (IPA) | J22: PPG Prajabatan Gelombang 1 Tahun 2023 | K22: 2024 | L22: 3.63 | M22: 3.98 | N22: Kabupaten Kebumen, Jawa Tengah | O22: Tidak | P22: Tenaga pendampingan pembelajaran mata Pelajaran Ilmu Pengetahuan Alam (IPA) untuk mengajar mata pelajaran Biologi, Kimia, Fisika | Q22: Kabupaten Jepara, Jawa Tengah | R22: https://drive.google.com/drive/folders/1L5fpaS1ICiKr9JtvjgoxgIawdl_9z-EH?usp=sharing | S22: https://drive.google.com/drive/folders/18L-lFRallenmFr2eSdMYor8T3gFby5iv?usp=sharing | T22: Alumni PPG Calon Guru / Prajabatan FKIP UNS | U22: X902308432 | V22: - | W22: - | X22: - | Y22: -
A23: 46231.367 | B23: rizqi.nurfitriani@student.uns.ac.id | C23: Rizqi Nur Fitriani | D23: 7000128901 | E23: 082329681100 | F23: 36613 | G23: Pendidikan Fisika | H23: Universitas Sebelas Maret | I23: Ilmu Pengetahuan Alam (IPA) | J23: PPG Prajabatan Gelombang 1 Tahun 2023 | K23: 2024 | L23: 3.62 | M23: 3.96 | N23: Kabupaten Pati | O23: Tidak | P23: Tenaga pendampingan pembelajaran mata Pelajaran Ilmu Pengetahuan Alam (IPA) untuk mengajar mata pelajaran Biologi, Kimia, Fisika | Q23: Kabupaten Jepara, Jawa Tengah | R23: https://drive.google.com/drive/folders/13-I7mBQQA8ynEqdL74VxwPk3mvJOc4i4 | S23: https://drive.google.com/drive/folders/1lbHZOdolmlsxx6yX2iLAARnS1OT7OdSP | T23: Alumni PPG Calon Guru / Prajabatan FKIP UNS | U23: X902308789 | V23: K2318059 | W23: Pendidikan fisika | X23: UNS | Y23: -
A24: 46231.439 | B24: nilasafitri3@gmail.com | C24: Nila Safitri, S.Pd., Gr. | D24: 7000130658 | E24: 082324551642 | F24: 36237 | G24: Pendidikan Bahasa Jawa | H24: UNIVERSITAS SEBELAS MARET | I24: Bahasa Jawa | J24: PPG Prajabatan Gelombang 1 Tahun 2023 | K24: 2024 | L24: 3.74 | M24: 4.00 | N24: Karanganyar, Jawa Tengah | O24: Tidak | P24: Tenaga pendampingan pembelajaran mata Pelajaran Seni, Budaya, dan Prakarya | Q24: Kabupaten Jepara, Jawa Tengah | R24: https://drive.google.com/drive/folders/1adI29tKHJKq3bur8xGZSWfHHrhJWKmVY | S24: https://drive.google.com/drive/folders/1IBUHZ570KJFy5CmkAqk3hdSbP9e0B9cp | T24: Alumni PPG Calon Guru / Prajabatan FKIP UNS | U24: X902308627 | V24: K4217052 | W24: Pendidikan Bahasa Jawa | X24: UNIVERSITAS SEBELAS MARET | Y24: -
A25: 46231.536 | B25: firdaauliashalihah@gmail.com | C25: Firda Aulia Shalihah, S.Pd., Gr. | D25: 7000237077 | E25: 0838-9183-0300 | F25: 36124 | G25: Pendidikan Bahasa dan Sastra Indonesia | H25: Universitas Jember | I25: Bahasa Indonesia | J25: PPG Calon Guru Gelombang 2 Tahun 2024 | K25: 2025 | L25: 3.82 | M25: 3.96 | N25: Kabupaten Bondowoso, Jawa Timur | O25: Tidak | P25: Tenaga pendampingan pembelajaran mata Pelajaran Bahasa Indonesia | Q25: Kabupaten Jepara, Jawa Tengah | R25: https://drive.google.com/drive/folders/1tEAq9LnaQpzTD0-eTxuLY8gkiO9MuXKQ?usp=sharing | S25: https://drive.google.com/file/d/14HJ3UJHAzqXiOJWas24_Koh5HDncUtR-/view?usp=sharing | T25: Alumni S1 FKIP UNS yang telah lulus PPG Calon Guru/Prajabatan bukan di FKIP UNS | V25: 160210402005 | W25: Pendidikan Bahasa dan Sastra Indonesia | X25: Universitas Jember | Y25: 240211920199
A26: 46231.538 | B26: nur116775@gmail.com | C26: Nur Awaliyah, S.Pd | D26: 7000046967 | E26: 08813904359 | F26: 35739 | G26: S1 Tadris Bahasa Inggris | H26: Universitas Islam Negeri Salatiga | I26: Bahasa Inggris | J26: PPG Prajabatan Gelombang 2 Tahun 2022 | K26: 2023 | L26: 3.74 | M26: - | N26: Kota Salatiga, Jawa Tengah | O26: Tidak | P26: Tenaga pendampingan pembelajaran mata Pelajaran Bahasa Inggris | Q26: Kabupaten Jepara, Jawa Tengah | R26: https://drive.google.com/drive/folders/1k_AcGyq3Q6qsc9WEwa0jYfv1W0X4zc2g?usp=sharing | S26: https://drive.google.com/drive/folders/1hp2AsPIKeEgMhUWbzwgDRHlp34wSTNCN?usp=sharing | T26: Alumni S1 FKIP UNS yang telah lulus PPG Calon Guru/Prajabatan bukan di FKIP UNS | V26: 23030150077 | W26: S1 Tadris Bahasa Inggris | X26: Universitas Negeri Semarang | Y26: 2201022236
A27: 46231.549 | B27: imamsetiawan101010@gmail.com | C27: Imam Setiawan, S.Pd., Gr., M.Pd. | D27: 7000157175 | E27: 085159559810 | F27: 36078 | G27: Pendidikan Biologi | H27: UMS | I27: Ilmu Pengetahuan Alam (IPA) | J27: PPG Prajabatan Gelombang 1 Tahun 2023 | K27: 2024 | L27: 3.38 | M27: 3.94 | N27: Boyolali, Jawa Tengah | O27: Tidak | P27: Tenaga pendampingan pembelajaran mata Pelajaran Ilmu Pengetahuan Alam (IPA) untuk mengajar mata pelajaran Biologi, Kimia, Fisika | Q27: Kabupaten Jepara, Jawa Tengah | R27: https://drive.google.com/drive/folders/1gZ-dtO59v_zpZMFk_rlSncfOBy3CNMlI | S27: https://drive.google.com/drive/folders/1ziBRYwAgtkkyPnTwpaQQlUVLoINNFHrH | T27: Alumni PPG Calon Guru / Prajabatan FKIP UNS | U27: X902308431 | V27: A420170009 | W27: Pendidikan Biologi | X27: UNS | Y27: X902308431
A28: 46231.566 | B28: mustofanuril71@gmail.com | C28: NURIL MUSTOFA, S.E., Gr. | D28: 7000330445 | E28: 08996579665 | F28: 37538 | G28: Akuntansi | H28: Universitas Negeri Semarang | I28: Akuntansi dan Keuangan | J28: PPG Calon Guru Gelombang 2 Tahun 2024 | K28: 2025 | L28: 3.77 | M28: 3.95 | N28: Kabupaten Jepara, Jawa Tengah | O28: Tidak | P28: Tenaga pendampingan pembelajaran mata Pelajaran Ilmu Pengetahuan Sosial (IPS) untuk mengajar mata pelajaran Sosiologi, Ekonomi, Geografi, dan Sejarah | Q28: Kabupaten Jepara, Jawa Tengah | R28: https://drive.google.com/drive/folders/1bnp3dRme-Dr3vc9InIaUR0cB0yXpXWIB?usp=sharing | S28: https://drive.google.com/drive/folders/18O0MONVMBSmYlQuiTTTxKi2Ty4RuE13V?usp=sharing | T28: Alumni PPG Calon Guru / Prajabatan FKIP UNS | U28: X942408355 | V28: - | W28: - | X28: - | Y28: -
A29: 46231.609 | B29: allikafh12@gmail.com | C29: Allika Fadiyah Hasna, S.Pd., Gr | D29: 7000166435 | E29: 0895422101144 | F29: 36893 | G29: Pendidikan Bahasa dan Sastra Indonesia | H29: STKIP NU INDRAMAYU | I29: Bahasa Indonesia | J29: PPG Prajabatan Gelombang 2 Tahun 2023 | K29: 2024 | L29: 3.71 | M29: 4 | N29: Jepara, Jawa Tengah | O29: Tidak | P29: Tenaga pendampingan pembelajaran mata Pelajaran Bahasa Indonesia | Q29: Kabupaten Jepara, Jawa Tengah | R29: https://drive.google.com/drive/folders/1udkPKpK1nytH6b-EDpdcT6Od2JddCBv0?usp=drive_link | S29: https://drive.google.com/file/d/1Eaqx9EWaqZ9QKFvtgEjSf1OH0v-fotPS/view?usp=drive_link | T29: Alumni PPG Calon Guru / Prajabatan FKIP UNS | U29: X9023083406 | V29: 1888201031 | W29: Pendidikan Bahasa dan Sastra Indonesia | X29: Universitas Sebelas Maret | Y29: X9023083406
A30: 46231.74 | B30: mroyyan2001@gmail.com | C30: Muhammad Royyan, S.Pd.,Gr. | D30: 7000291731 | E30: 085602502916 | F30: 37099 | G30: Pendidikan Informatika | H30: Universitas Ivet Semarang | I30: Informatika | J30: PPG Calon Guru Gelombang 2 Tahun 2024 | K30: 2025 | L30: 3.8 | M30: 3.98 | N30: Kabupaten Boyolali, Jawa Tengah | O30: Tidak | P30: Tenaga pendampingan pembelajaran mata pelajaran TIK | Q30: Kabupaten Jepara, Jawa Tengah | R30: https://drive.google.com/drive/folders/106d7lnYeq5BLtiUnJLXPSLeoEJCTNUMm | S30: https://drive.google.com/drive/folders/1PQQxwZNzVypS3yGp4a0HX6Wmibz9ALEQ | T30: Alumni PPG Calon Guru / Prajabatan FKIP UNS | U30: X942408324 | V30: - | W30: - | X30: - | Y30: -
A31: 46231.758 | B31: rosliana.1113@guru.smp.belajar.id | C31: Rosliana,S.Pd | D31: 202200123884 | E31: 085395341807 | F31: 34981 | G31: Pendidikan Matematika | H31: Universitas Islam Negeri Alauddin Makassar | I31: Matematika | J31: PPG Calon Guru Gelombang 2 Tahun 2024 | K31: 2025 | L31: 3.71 | M31: 4.00 | N31: Kota Kendari, Sulawesi Tenggara | O31: Tidak | P31: Tenaga pendampingan pembelajaran mata Pelajaran Matematika (umum) | Q31: Kabupaten Buton Tengah, Sulawesi Tenggara | R31: - | S31: https://drive.google.com/drive/folders/1yVRF9S8gmJh2aANEg8KX6ndxm6WfzhOc?usp=sharing | T31: Alumni PPG Calon Guru / Prajabatan FKIP UHO | Y31: A3S224280
A32: 46231.845 | B32: susiir1009@gmail.com | C32: Susi Susanti, S.Pd.,Gr | D32: 7000239728 | E32: 085256386808 | F32: 37214 | G32: Tadris matematika | H32: Institut Agama Islam Negeri (IAIN) Kendari | I32: Matematika | J32: PPG Calon Guru Gelombang 2 Tahun 2024 | K32: 2025 | L32: 3.59 | M32: 4.00 | N32: Konawe Utara, Sulawesi Tenggara | O32: Tidak | P32: Tenaga pendampingan pembelajaran mata Pelajaran Matematika (umum) | Q32: Kabupaten Buton Tengah, Sulawesi Tenggara | R32: - | S32: https://drive.google.com/file/d/1L2HeacFitfJzYYLnhEHSiZpRNZi6DIfH/view?usp=drivesdk | T32: Alumni PPG Calon Guru / Prajabatan FKIP UHO | Y32: A3S224286
A33: 46231.848 | B33: sartikasarti161@gmail.com | C33: Sartika,S.Pd., Gr. | D33: 7000143754 | E33: 085395374324 | F33: 36870 | G33: Pendidikan Bahasa dan Sastra Indonesia | H33: Universitas Halu Oleo | I33: Bahasa Indonesia | J33: PPG Prajabatan Gelombang 1 Tahun 2023 | K33: 2024 | L33: 3.58 | M33: 4.00 | N33: Kabupaten Muna, Sulawesi Tenggara | O33: Tidak | P33: Tenaga pendampingan pembelajaran mata Pelajaran Bahasa Indonesia | Q33: Kabupaten Buton Tengah, Sulawesi Tenggara | R33: - | S33: https://drive.google.com/file/d/11wzIy8pLPUhf9NFE6RP2ma53wXYu3e4C/view?usp=drivesdk | T33: Alumni PPG Calon Guru / Prajabatan FKIP UHO | Y33: A3S223076
A34: 46231.857 | B34: fitawardani1301@gmail.com | C34: Fita Wardani, S.Pd., Gr. | D34: 7000145964 | E34: 081938900154 | F34: 36538 | G34: Pendidikan Bahasa dan Sastra Indonesia | H34: Universitas Halu Oleo | I34: Bahasa Indonesia | J34: PPG Prajabatan Gelombang 1 Tahun 2023 | K34: 2024 | L34: 3.46 | M34: 4.00 | N34: Kabupaten Muna, Sulawesi Tenggara | O34: Tidak | P34: Tenaga pendampingan pembelajaran mata Pelajaran Bahasa Indonesia | Q34: Kabupaten Buton Tengah, Sulawesi Tenggara | R34: - | S34: https://drive.google.com/drive/folders/1SNu-qFtK02OmLkQZ1AWo5DDVTH46tRqo | T34: Alumni PPG Calon Guru / Prajabatan FKIP UHO | Y34: A3S223069
A35: 46231.869 | B35: ppg.adityahasan00828@program.belajar.id | C35: Aditya Maulana Hasan, S.Pd., Gr. | D35: 7000147570 | E35: 088809402034 | F35: 36759 | G35: S-1 Pendidikan Pancasila dan Kewarganegaraan (PPKn) | H35: Universitas Slamet Riyadi Surakarta | I35: Pendidikan Pancasila dan Kewarganegaraan (PKn) | J35: PPG Prajabatan Gelombang 2 Tahun 2023 | K35: 2024 | L35: 3.93 | M35: 3.91 | N35: Surakarta, Jawa Tengah | O35: Tidak | P35: Tenaga pendampingan pembelajaran mata Pelajaran Pendidikan Pancasila | Q35: Kabupaten Jepara, Jawa Tengah | R35: https://drive.google.com/drive/folders/1KQEjYEuRliiWwNZ-UeRxx7vH3kFna984?usp=drive_link | S35: https://drive.google.com/file/d/1zV2figavABF53g88ty1zBwjNJ4TwwTWj/view?usp=drivesdk | T35: Alumni PPG Calon Guru / Prajabatan FKIP UNS | U35: X9023083372 | V35: 19510009 | W35: Universitas Slamet Riyadi Surakarta | X35: Universitas Sebelas Maret Surakarta (UNS) | Y35: -
A36: 46231.875 | B36: tiwikhapsari55@gmail.com | C36: Nur Pratiwi Yuga Hapsari, S.Pd,.Gr | D36: 202500039736 | E36: 081393894231 | F36: 35987 | G36: Pendidikan Ekonomi | H36: Universitas Sebelas Maret | I36: Ekonomi | J36: PPG Prajabatan Gelombang 2 Tahun 2022 | K36: 2023 | L36: 3.46 | M36: 3.85 | N36: Surakarta, Jawa Tengah | O36: Tidak | P36: Tenaga pendampingan pembelajaran mata Pelajaran Ilmu Pengetahuan Sosial (IPS) untuk mengajar mata pelajaran Sosiologi, Ekonomi, Geografi, dan Sejarah | Q36: Kabupaten Jepara, Jawa Tengah | R36: https://drive.google.com/drive/folders/1Eg6r0rlH0F6MAdubmYPJPFh87S0nvJrm | S36: https://drive.google.com/drive/folders/1ZemobWCxQpWbWK-4F6mIDlYPJB6PQgHU | T36: Alumni S1 FKIP UNS yang telah lulus PPG Calon Guru/Prajabatan bukan di FKIP UNS | V36: K7616051 | W36: Pendidikan Ekonomi | X36: Universitas Sebelas Maret | Y36: X9022084096
A37: 46231.881 | B37: peserta.06995@ppg.belajar.id | C37: Listia Nuraini, S.Pd.,Gr | D37: 7000116289 | E37: 085840043140 | F37: 36432 | G37: Pendidikan Teknologi Informasi | H37: Universitas Teknologi Yogyakarta | I37: Informatika | J37: PPG Calon Guru Gelombang 2 Tahun 2024 | K37: 2025 | L37: 3.92 | M37: 3.97 | N37: Lampung selatan, Lampung | O37: Tidak | P37: Tenaga pendampingan pembelajaran mata pelajaran TIK | Q37: Kabupaten Jepara, Jawa Tengah | R37: - | S37: https://drive.google.com/drive/folders/19MRaOM80DF038NWPqHaqqcWNbEgyOpsX | T37: Alumni PPG Calon Guru / Prajabatan FKIP UNS | U37: X942408276 | V37: 5171311001 | W37: Pendidikan Teknologi Informasi | X37: Universitas Sebelas Maret | Y37: X942408276
A38: 46231.887 | B38: chabibahnur7@gmail.com | C38: Nurchabibah, S.Pd. | D38: 7000019417 | E38: 085710424577 | F38: 34964 | G38: Pendidikan Geografi | H38: Universitas Negeri Semarang | I38: Geografi | J38: PPG Prajabatan Gelombang 1 Tahun 2022 | K38: 2023 | L38: 3.45 | M38: 3.94 | N38: Purworejo, Jawa Tengah | O38: Tidak | P38: Tenaga pendampingan pembelajaran mata Pelajaran Ilmu Pengetahuan Sosial (IPS) untuk mengajar mata pelajaran Sosiologi, Ekonomi, Geografi, dan Sejarah | Q38: Kabupaten Jepara, Jawa Tengah | R38: https://drive.google.com/drive/folders/18oRqAvm67ggqMfNCM47RhToEBBLw5A_4?usp=sharing | S38: https://drive.google.com/drive/folders/1YHV5XDphM0hO8XmD0XXIw26hn__uS09N | T38: Alumni PPG Calon Guru / Prajabatan FKIP UNS | U38: X9022082584 | V38: - | W38: - | X38: - | Y38: -
A39: 46231.886 | B39: ppg.sucityas99428@program.belajar.id | C39: Suci Suryaning Tyas S.Pd,Gr | D39: 7000181406 | E39: 085725604967 | F39: 36253 | G39: S1 Pendidikan Seni Tari | H39: Universitas Negeri Semarang | I39: Seni Budaya | J39: PPG Prajabatan Gelombang 2 Tahun 2023 | K39: 2024 | L39: 3.49 | M39: 3.87 | N39: Kecamatan Susukan, Kabupaten Semarang, Jawa Tengah | O39: Tidak | P39: Tenaga pendampingan pembelajaran mata Pelajaran Seni, Budaya, dan Prakarya | Q39: Kabupaten Jepara, Jawa Tengah | R39: https://drive.google.com/drive/folders/1zgl0YiZyomWwF6BEe19h0ZLsRC-Uf7It | S39: https://drive.google.com/file/d/1iq8cDdVfuoJxTaGIJK-5C0uFxCjY3984/view?usp=drivesdk | T39: Alumni PPG Calon Guru / Prajabatan FKIP UNS | U39: X9023083785 | V39: - | W39: - | X39: UNS | Y39: -
A40: 46231.891 | B40: senosetiyawan23@gmail.com | C40: Seno setiyawan | D40: 7000110408 | E40: 085799588894 | F40: 34873 | G40: Matematika | H40: Universitas Sebelas Maret | I40: Matematika | J40: PPG Prajabatan Gelombang 2 Tahun 2023 | K40: 2024 | L40: 3.11 | M40: 3.90 | N40: Surakarta, Jawa Tengah | O40: Tidak | P40: Tenaga pendampingan pembelajaran mata Pelajaran Matematika (umum) | Q40: Kabupaten Jepara, Jawa Tengah | R40: https://drive.google.com/drive/folders/17MT469v6DaHmpoLFdWBe241N_dObmepV?usp=drive_link | S40: https://drive.google.com/drive/folders/17MT469v6DaHmpoLFdWBe241N_dObmepV?usp=drive_link | T40: Alumni PPG Calon Guru / Prajabatan FKIP UNS | U40: X9023083767 | V40: M0113045 | W40: Matematika | X40: Universitas Sebelas Maret | Y40: -
A41: 46231.911 | B41: yonekaoca16@gmail.com | C41: Yoneka Noorca Erlangga, S. Pd., Gr. | D41: 7000229318 | E41: 085817348167 | F41: 37119 | G41: S-1 Pendidikan Sejarah | H41: Universitas Sebelas Maret | I41: Sejarah | J41: PPG Prajabatan Gelombang 1 Tahun 2024 | K41: 2024 | L41: 3.70 | M41: 4.00 | N41: Kabupaten Karanganyar, Jawa Tengah | O41: Tidak | P41: Tenaga pendampingan pembelajaran mata Pelajaran Ilmu Pengetahuan Sosial (IPS) untuk mengajar mata pelajaran Sosiologi, Ekonomi, Geografi, dan Sejarah | Q41: Kabupaten Jepara, Jawa Tengah | R41: https://drive.google.com/file/d/1wDAZ_wDIjpdbkq8h7kXvWAEEOa7ESmDe/view?usp=drivesdk | S41: https://drive.google.com/file/d/1hhvZIEChyA9oW7HYA2tM058Q0lahrG6T/view?usp=sharing | T41: Alumni PPG Calon Guru / Prajabatan FKIP UNS | U41: X942402465 | V41: - | W41: - | X41: - | Y41: -
A42: 46231.911 | B42: atnidwihasmarayekti@gmail.com | C42: Atni Dwi Hasmara Yekti, S.Pd., Gr. | D42: 7000152490 | E42: 088980051908 | F42: 36699 | G42: Pendidikan Kimia | H42: Universitas Islam Indonesia | I42: Ilmu Pengetahuan Alam (IPA) | J42: PPG Prajabatan Gelombang 1 Tahun 2023 | K42: 2024 | L42: 3.92 | M42: 3.93 | N42: Kabupaten Purworejo, Jawa Tengah | O42: Tidak | P42: Tenaga pendampingan pembelajaran mata Pelajaran Ilmu Pengetahuan Alam (IPA) untuk mengajar mata pelajaran Biologi, Kimia, Fisika | Q42: Kabupaten Jepara, Jawa Tengah | R42: https://drive.google.com/drive/folders/1mjoMheW0r7Ofaf4cfqv62KvsYys3__xT | S42: https://drive.google.com/drive/folders/1mjoMheW0r7Ofaf4cfqv62KvsYys3__xT | T42: Alumni PPG Calon Guru / Prajabatan FKIP UNS | U42: X902308151 | V42: - | W42: - | X42: - | Y42: -
A43: 46231.921 | B43: mochadibirhamali@gmail.com | C43: Moch. Adib Irham Ali, S.Pd | D43: 7000202065 | E43: 081328698419 | F43: 35906 | G43: Pendidikan Sejarah | H43: Universitas Sebelas Maret | I43: Sejarah | J43: PPG Prajabatan Gelombang 2 Tahun 2023 | K43: 2024 | L43: 3.72 | M43: 4.00 | N43: Banyudono, Boyolali, Jawa Tengah | O43: Tidak | P43: Tenaga pendampingan pembelajaran mata Pelajaran Ilmu Pengetahuan Sosial (IPS) untuk mengajar mata pelajaran Sosiologi, Ekonomi, Geografi, dan Sejarah | Q43: Kabupaten Jepara, Jawa Tengah | R43: https://drive.google.com/drive/folders/14p8zvTWQB0cfS1KGcdo-A9IR61ZpUngs?usp=sharing | S43: https://drive.google.com/drive/folders/14tm61sfbexmy9YMN6u3Mp_YaYsqT-5st?usp=sharing | T43: Alumni PPG Calon Guru / Prajabatan FKIP UNS | U43: X9023083636 | V43: K4416037 | W43: Pendidikan Sejarah | X43: Universitas Sebelas Maret | Y43: X9023083636
A44: 46231.923 | B44: candraadi2410@gmail.com | C44: Candra Adi Rahmat, S.Kom., Gr | D44: 7000305558 | E44: 082286367473 | F44: 37188 | G44: Teknik Informatika | H44: Universitas Dinamika Bangsa | I44: Informatika | J44: PPG Calon Guru Gelombang 2 Tahun 2024 | K44: 2025 | L44: 3.73 | M44: 3.95 | N44: Kabupaten Musi Banyuasin, Sumatera Selatan | O44: Tidak | P44: Tenaga pendampingan pembelajaran mata pelajaran TIK | Q44: Kabupaten Jepara, Jawa Tengah | R44: - | S44: https://drive.google.com/drive/folders/1v9Rl1ZkNsT6Jw6hEo64E-fGeNru0Mo2a?usp=sharing | T44: Alumni PPG Calon Guru / Prajabatan FKIP UNS | U44: X942408116 | V44: 8020190094 | W44: Teknik Informatika | X44: Universitas Sebelas Maret | Y44: x942408116
A45: 46232.701 | B45: peserta.00416@ppg.belajar.id | C45: Farida Sapo, S.Pd.,Gr. | D45: 7000242161 | E45: 085289003714 | F45: 37176 | G45: Pendidikan Bahasa Indonesia | H45: Universitas Sembilanbelas November Kolaka | I45: Bahasa Indonesia | J45: PPG Calon Guru Gelombang 2 Tahun 2024 | K45: 2025 | L45: 3.66 | M45: 4.0 | N45: Kec. Mawasangka Tengah, Kabupaten Buton Tengah, Prov. Sulawesi Tenggara. | O45: Tidak | P45: Tenaga pendampingan pembelajaran mata Pelajaran Bahasa Indonesia | Q45: Kabupaten Buton Tengah, Sulawesi Tenggara | R45: https://drive.google.com/file/d/1Oge2a8bGcTr_G7WIckjygM9_RiWe7iGW/view?usp=drive_link | S45: https://drive.google.com/file/d/1wXg4JCK74uFkX830RohLlRR_dRCpabfJ/view?usp=sharing | T45: Alumni PPG Calon Guru / Prajabatan FKIP UHO | Y45: A3S224207
A46: 46231.943 | B46: triantini98@gmail.com | C46: Triantini, S. Pd., Gr. | D46: 7000053135 | E46: 082220434981 | F46: 35925 | G46: Pendidikan Ekonomi (Akuntansi) | H46: Universitas Negeri Semarang | I46: Ekonomi | J46: PPG Prajabatan Gelombang 1 Tahun 2022 | K46: 2023 | L46: 3.74 | M46: 3.97 | N46: Kebumen, Jawa Tengah | O46: Tidak | P46: Tenaga pendampingan pembelajaran mata Pelajaran Ilmu Pengetahuan Sosial (IPS) untuk mengajar mata pelajaran Sosiologi, Ekonomi, Geografi, dan Sejarah | Q46: Kabupaten Jepara, Jawa Tengah | R46: https://drive.google.com/file/d/10j2MkzdpbRaZnGiceEXvNFNioXggv2oa/view?usp=drivesdk | S46: https://drive.google.com/file/d/11F5pPmxQ30JyYcnGJHbV6ofW54-DPLlK/view?usp=drivesdk | T46: Alumni PPG Calon Guru / Prajabatan FKIP UNS | U46: X9022082724 | V46: 7101416128 | W46: Pendidikan Ekonomi (Akuntansi) | X46: Universitas Negeri Semarang | Y46: -
A47: 46231.948 | B47: peserta.08733@ppg.belajar.id | C47: Resky Nur Fatimah, S.Pd.,Gr. | D47: reskynurfatimah45@gmail.com | E47: 085299366207 | F47: 36747 | G47: Tadris Matematika | H47: Institut Agama Islam Negeri Kendari | I47: Matematika | J47: PPG Calon Guru Gelombang 2 Tahun 2024 | K47: 2025 | L47: 3.77 | M47: 4 | N47: Kota Kendari, Sulawesi Tenggara | O47: Tidak | P47: Tenaga pendampingan pembelajaran mata Pelajaran Matematika (umum) | Q47: Kabupaten Buton Tengah, Sulawesi Tenggara | R47: - | S47: https://drive.google.com/file/d/1K8Bi3qh64CvDS9EXYN8fxBMknWkIhU7a/view?usp=drive_link | T47: Alumni PPG Calon Guru / Prajabatan FKIP UHO | Y47: A3S224276
A48: 46231.949 | B48: nurulkhoiriyah441@gmail.com | C48: Nurul Khoiriyah, S.Pd., Gr. | D48: 7000125740 | E48: 081393616229 | F48: 36890 | G48: S-1 | H48: Universitas Muhammadiyah Surakarta | I48: Informatika | J48: PPG Prajabatan Gelombang 2 Tahun 2022 | K48: 2025 | L48: 3.67 | M48: 3.98 | N48: Kota Rembang, Jawa Tengah | O48: Tidak | P48: Tenaga pendampingan pembelajaran mata pelajaran TIK | Q48: Kabupaten Jepara, Jawa Tengah | R48: https://drive.google.com/drive/folders/1wEPRgq-LJktmgSReVBVb_4qjO7jjp2A7?usp=sharing | S48: https://drive.google.com/file/d/10vZFJJ6HLCd0q9kJFe38K6ug4wCZSDnp/view?usp=sharing | T48: Alumni PPG Calon Guru / Prajabatan FKIP UNS | U48: X942408360 | V48: A710190095 | W48: Pendidikan Teknik Informatika | X48: Universitas Negeri Sebelas Maret | Y48: X942408360
A49: 46231.983 | B49: aliefmufirsa@gmail.com | C49: Alief Mustaghfiroh Suciyani Arifin, S.Pd., Gr. | D49: 7000166234 | E49: 085788337823 | F49: 35826 | G49: Pendidikan Pancasila dan Kewarganegaraan | H49: Universitas Terbuka | I49: Pendidikan Pancasila dan Kewarganegaraan (PKn) | J49: PPG Prajabatan Gelombang 2 Tahun 2023 | K49: 2024 | L49: 3.56 | M49: 3.94 | N49: kota bangko kabupaten merangin provinsi jambi | O49: Tidak | P49: Tenaga pendampingan pembelajaran mata Pelajaran Pendidikan Pancasila | Q49: Kabupaten Jepara, Jawa Tengah | R49: https://drive.google.com/file/d/1frp5f7viKQmAZ4FGqYLgdVweGBRuM-xe/view?usp=drivesdk | S49: https://drive.google.com/file/d/1EYnoMc565zoK0J826IOUtHJ9sB9Z2CQo/view?usp=drivesdk | T49: Alumni PPG Calon Guru / Prajabatan FKIP UNS | U49: X9023083402 | V49: - | W49: - | X49: - | Y49: -
A50: 46232.287 | B50: sholawatmania61@gmail.com | C50: Zaenudin,S.Pd.Gr. | D50: 7000043958 | E50: 08976565808 | F50: 34663 | G50: Pendidikan kepelatihan olahraga | H50: Universitas tunas pembangunan Surakarta | I50: Pendidikan Jasmani, Olahraga, dan Kesehatan (PJOK) | J50: PPG Calon Guru Gelombang 2 Tahun 2024 | K50: 2025 | L50: 3.35 | M50: 3.83 | N50: Kab.grobogan | O50: Tidak | P50: Tenaga pendampingan pembelajaran mata Pelajaran Penjasorkes | Q50: Kabupaten Jepara, Jawa Tengah | R50: Pengembangan pelajaran kurikulum merdeka berbasis deep learning | S50: https://drive.google.com/file/d/1WoZ2dEnTCug0Ziv3_iuegw3MELqpmkZC/view?usp=drivesdk | T50: Alumni PPG Calon Guru / Prajabatan FKIP UNS | U50: X942408503 | V50: D0214289 | W50: Pendidikan kepelatihan olahraga | X50: Universitas sebelas Maret Surakarta | Y50: X942408503
A51: 46231.991 | B51: abianaelfarabi@student.uns.ac.id | C51: Abiana Elfarabi S.Pd., Gr | D51: 7000112279 | E51: 081354992286 | F51: 36725 | G51: S-1 Pendidikan Ilmu Pengetahuan Alam | H51: Universitas Negeri Malang | I51: Ilmu Pengetahuan Alam (IPA) | J51: PPG Prajabatan Gelombang 2 Tahun 2022 | K51: 2023 | L51: 3.58 | M51: 3.97 | N51: Kab. Ngawi, Jawa Timur | O51: Tidak | P51: Tenaga pendampingan pembelajaran mata Pelajaran Ilmu Pengetahuan Alam (IPA) untuk mengajar mata pelajaran Biologi, Kimia, Fisika | Q51: Kabupaten Jepara, Jawa Tengah | R51: https://drive.google.com/drive/folders/1ccEHDmuRI-CaQCVHWlmbkSJaZSQVRxo1?usp=sharing | S51: https://drive.google.com/drive/folders/1ZMdpKDuNX2Ug5GuQm0IKJcqbtSXsXuoq?usp=sharing | T51: Alumni PPG Calon Guru / Prajabatan FKIP UNS | U51: X9022083742 | V51: - | W51: - | X51: - | Y51: -
A52: 46231.996 | B52: mudawamatul_khasanah@student.uns.ac.id | C52: Mudawamatul Khasanah, S. Pd. G.r. | D52: 7000060591 | E52: 085729580804 | F52: 35267 | G52: Pendidikan Pancasila dan Kewarganegaraan | H52: Universitas Sebelas Maret | I52: Pendidikan Pancasila dan Kewarganegaraan (PKn) | J52: PPG Calon Guru Gelombang 2 Tahun 2024 | K52: 2025 | L52: 3.40 | M52: 3.50 | N52: Kabupaten Magelang | O52: Tidak | P52: Tenaga pendampingan pembelajaran mata Pelajaran Pendidikan Pancasila | Q52: Kabupaten Jepara, Jawa Tengah | R52: - | S52: https://drive.google.com/drive/folders/1eQb9Ydk0eATBDcczvp7yz_FB4O4O3AS3 | T52: Alumni S1 FKIP UNS yang telah lulus PPG Calon Guru/Prajabatan bukan di FKIP UNS | V52: K6414038 | W52: PPKn | X52: Universitas Muhammadiyah Surakarta | Y52: A922240049
A53: 46232.346 | B53: sriwulandari20010328@gmail.com | C53: Sri Wulandari, S.Hum., Gr. | D53: 7000270150 | E53: 087823687709 | F53: 36978 | G53: Sejarah Peradaban Islam | H53: Universitas Islam Negeri Sunan Ampel Surabaya | I53: Sejarah | J53: PPG Calon Guru Gelombang 2 Tahun 2024 | K53: 2025 | L53: 3.8 | M53: 3.85 | N53: Kediri, Jawa Timur | O53: Tidak | P53: Tenaga pendampingan pembelajaran mata Pelajaran Ilmu Pengetahuan Sosial (IPS) untuk mengajar mata pelajaran Sosiologi, Ekonomi, Geografi, dan Sejarah | Q53: Kabupaten Jepara, Jawa Tengah | R53: - | S53: https://youtu.be/ggULze_hHGY?si=3LHoSa1RXTS34FsR | T53: Alumni PPG Calon Guru / Prajabatan FKIP UNS | U53: X942408442 | V53: - | W53: - | X53: - | Y53: -
A54: 46232.38 | B54: devyrizki64@gmail.com | C54: Devy Rizki Agustina, S.Pd.Gr. | D54: 7000024673 | E54: 085156511988 | F54: 36036 | G54: Pendidikan Matematika | H54: Universitas Islam Negeri Walisongo | I54: Matematika | J54: PPG Prajabatan Gelombang 1 Tahun 2023 | K54: 2024 | L54: 3.87 | M54: 3.96 | N54: Kota Surakarta, Jawa Tengah | O54: Ya | P54: Tenaga pendampingan pembelajaran mata Pelajaran Matematika (umum) | Q54: Kabupaten Jepara, Jawa Tengah | R54: https://drive.google.com/drive/folders/1tqTpPQoGWEtiCT-mKwOtGeLfdy_v-npn?usp=sharing | S54: https://drive.google.com/drive/folders/1Ox-0TUCz6hG9Myk2xhpFEEvKdlv8dm0C?usp=sharing | T54: Alumni PPG Calon Guru / Prajabatan FKIP UNS | U54: X902308232 | V54: - | W54: - | X54: Universitas Sebelas Maret (UNS) | Y54: -
A55: 46232.414 | B55: utaranugraha@gmail.com | C55: UTARA SETIA NUGRAHA, S. Pd., Gr. | D55: 7000211281 | E55: 083178920910 | F55: 36799 | G55: Pendidikan Sejarah | H55: Universitas Muhammadiyah Metro | I55: Sejarah | J55: PPG Calon Guru Gelombang 2 Tahun 2024 | K55: 2025 | L55: 3.78 | M55: 3.8 | N55: Lampung Timur, Lampung | O55: Tidak | P55: Tenaga pendampingan pembelajaran mata Pelajaran Ilmu Pengetahuan Sosial (IPS) untuk mengajar mata pelajaran Sosiologi, Ekonomi, Geografi, dan Sejarah | Q55: Kabupaten Jepara, Jawa Tengah | R55: https://drive.google.com/file/d/1fvxuC08fBawppDkd6tqKsyylKScIuoU7/view?usp=drivesdk | S55: https://drive.google.com/file/d/1XKpWEV3EZ7UQ8B2bUYrKN3HfbjZtr2ZC/view?usp=drivesdk | T55: Alumni PPG Calon Guru / Prajabatan FKIP UNS | U55: X942408473 | V55: - | W55: - | X55: - | Y55: -
A56: 46232.424 | B56: sisnamarv@gmail.com | C56: Sisna Marvilia Ayuningrum, S.Pd., Gr. | D56: 7000286251 | E56: 089604214025 | F56: 36951 | G56: S-1 Pendidikan Biologi | H56: Universitas Negeri Semarang | I56: Pendidikan Guru Sekolah Dasar (PGSD) | J56: PPG Calon Guru Gelombang 2 Tahun 2024 | K56: 2025 | L56: 3.74 | M56: 4.00 | N56: Kabupaten Jepara, Jawa Tengah | O56: Tidak | P56: Tenaga pendampingan pembelajaran mata Pelajaran Ilmu Pengetahuan Alam (IPA) untuk mengajar mata pelajaran Biologi, Kimia, Fisika | Q56: Kabupaten Jepara, Jawa Tengah | R56: https://drive.google.com/drive/folders/16GwGT8p7LK41HG2eey6WNFgDG4WrNk9m?usp=sharing | S56: https://drive.google.com/drive/folders/137kIPlKQmFYB8LTfhzVwbj1J2Vc6niis?usp=sharing | T56: Alumni PPG Calon Guru / Prajabatan FKIP UNS | U56: X942408433 | V56: - | W56: - | X56: - | Y56: -
A57: 46232.591 | B57: aderahmadhardani@gmail.com | C57: Ade Rahmad Hardani S.Pd.,G.r | D57: 7000270364 | E57: 088269026860 | F57: 35796 | G57: Pendidikan Jasmani Dan Kesehatan | H57: Universitas Sriwijaya | I57: Pendidikan Jasmani, Olahraga, dan Kesehatan (PJOK) | J57: PPG Calon Guru Gelombang 2 Tahun 2024 | K57: 2025 | L57: 3.40 | M57: 3.90 | N57: Kab Sragen, Jawa Tengah | O57: Tidak | P57: Tenaga pendampingan pembelajaran mata Pelajaran Penjasorkes | Q57: Kabupaten Jepara, Jawa Tengah | R57: https://drive.google.com/file/d/1mZaiMfFkLgfg4XOc-kQwjCkdCNMpvDMs/view?usp=drivesdk | S57: https://drive.google.com/file/d/1TmBNpVmZwK0wgwjA5wKHVM0mU3d3fWmw/view?usp=drivesdk | T57: Alumni PPG Calon Guru / Prajabatan FKIP UNS | U57: X942408006 | V57: 06061181520096 | W57: Pendidikan Jasmani dan Kesehatan | X57: Universitas Sebelas Maret | Y57: X942408006
A58: 46232.617 | B58: alinajich29@gmail.com | C58: Muhammad Ali Najich., M.Pd | D58: 7000016192 | E58: 085198239824 | F58: 36614 | G58: Bimbingan dan Konseling Islam | H58: Universitas Islam Negeri Sunan Ampel Surabaya | I58: Bimbingan dan Konseling | J58: PPG Calon Guru Gelombang 2 Tahun 2024 | K58: 2025 | L58: 3.6 | M58: 3.93 | N58: Sidoarjo | O58: Tidak | P58: Tenaga pendampingan pembelajaran mata Pelajaran Bimbingan dan Konseling | Q58: Kabupaten Jepara, Jawa Tengah | R58: https://drive.google.com/drive/folders/1oEwTcAljZevTWrYYCIZ2Ve4RKXCETdJg?usp=sharing | S58: https://drive.google.com/file/d/1nT111QsyrXyp_zYgfzUpVxBvNOXr5vjm/view?usp=drivesdk | T58: Lainnya
A59: 46232.632 | B59: rudyazizseptyawan@gmail.com | C59: Rudy Aziz Septyawan, S.Pd., Gr. | D59: 7000198128 | E59: 089529796795 | F59: 36045 | G59: Pendidikan Teknik Informatika dan Komputer | H59: Universitas Negeri Semarang | I59: Informatika | J59: PPG Calon Guru Gelombang 2 Tahun 2024 | K59: 2025 | L59: 3.43 | M59: 3.96 | N59: Kota Semarang, Jawa Tengah | O59: Tidak | P59: Tenaga pendampingan pembelajaran mata pelajaran TIK | Q59: Kabupaten Jepara, Jawa Tengah | R59: https://drive.google.com/drive/folders/1HhzMRvnjbxoaiiZE49d6huoyL_PJs3RL?usp=sharing | S59: https://drive.google.com/drive/folders/14FG_yPqAGC6X1onGD48pZn4hF_PPEfMz?usp=sharing | T59: Lainnya
A60: 46232.752 | B60: rakakumara@gmail.com | C60: RAKA KUMARA JATI | D60: 7000268360 | E60: 082113293786 | F60: 36941 | G60: PENDIDIKAN SEJARAH | H60: UNIVERSITAS JEMBER | I60: Sejarah | J60: PPG Calon Guru Gelombang 2 Tahun 2024 | K60: 2025 | L60: 3.67 | M60: 4.00 | N60: Surakarta, Jawa Tengah | O60: Tidak | P60: Tenaga pendampingan pembelajaran mata Pelajaran Ilmu Pengetahuan Sosial (IPS) untuk mengajar mata pelajaran Sosiologi, Ekonomi, Geografi, dan Sejarah | Q60: Kabupaten Jepara, Jawa Tengah | R60: berhasil membangun edutech calonguru.id platform belajar & tryout untuk anak-anak freshgraduate S.Pd, serta saya lampirkan cv saya https://drive.google.com/file/d/1paa984DOZkQwQXMQYNSvq6GhRpgpI1fo/view?usp=sharing | S60: https://drive.google.com/file/d/1XqoJbX6jTFwvy6oafg-KztlO_gpV_jlC/view?usp=sharing | T60: Alumni PPG Calon Guru / Prajabatan FKIP UNS | U60: X942408378 | V60: - | W60: - | X60: - | Y60: -
A61: 46232.778 | B61: ppg.fikrikamal01@program.belajar.id | C61: Fikri Ahmad Kamal, S.Pd., M.Pd., Gr. | D61: 7000142556 | E61: 089632991090 | F61: 36540 | G61: S1-Tadris IPA & S2-Pendidikan IPA | H61: UIN Salatiga & Universitas Negeri Semarang | I61: Ilmu Pengetahuan Alam (IPA) | J61: PPG Prajabatan Gelombang 1 Tahun 2023 | K61: 2024 | L61: IPK S1 3.89 & IPK S2 3.97 | M61: 4.00 | N61: Boyolali, Jawa Tengah | O61: Tidak | P61: Tenaga pendampingan pembelajaran mata Pelajaran Ilmu Pengetahuan Alam (IPA) untuk mengajar mata pelajaran Biologi, Kimia, Fisika | Q61: Kabupaten Jepara, Jawa Tengah | R61: https://drive.google.com/file/d/1JqeYKkI0snm15XS8a9iG7uO-GmS7ru9g/view?usp=drivesdk | S61: https://youtu.be/yymDyHaEmW0?si=6tkWnWhAcI23Xxf8 | T61: Lainnya
A62: 46232.779 | B62: bektiajiw46@gmail.com | C62: Bekti Aji Wibowo S.Pd., Gr. | D62: 7000243397 | E62: 0895422032099 | F62: 36144 | G62: PENDIDIKAN OLAHRAGA | H62: Universitas Muhammadiyah Surakarta | I62: Pendidikan Jasmani, Olahraga, dan Kesehatan (PJOK) | J62: PPG Calon Guru Gelombang 2 Tahun 2024 | K62: 2025 | L62: 3.30 | M62: 3.82 | N62: Kota Surakarta, Jawa Tengah | O62: Tidak | P62: Tenaga pendampingan pembelajaran mata Pelajaran Penjasorkes | Q62: Kabupaten Jepara, Jawa Tengah | R62: https://drive.google.com/drive/folders/1u4l7ODolDKuTT4UpSd-ix0QVQbpTp03x | S62: https://drive.google.com/file/d/1UUanyQLNkOSugUWXDQLx6cbMy9rhomU-/view?usp=sharing | T62: Alumni PPG Calon Guru / Prajabatan FKIP UNS | U62: X942408109 | V62: A810190102 | W62: Pendidikan Olahraga | X62: Universitas Negeri Sebelas Maret | Y62: -
A63: 46232.797 | B63: fadlilahppg@gmail.com | C63: Fadlilah Nurul Fajri Handayani., S.Pd., Gr. | D63: 7000154546 | E63: 089664783413 | F63: 36685 | G63: Pendidikan Bahasa dan Sastra Indonesia | H63: Universitas Muhammadiyah Surakarta | I63: Bahasa Indonesia | J63: PPG Prajabatan Gelombang 1 Tahun 2023 | K63: 2024 | L63: 3.60 | M63: 3.82 | N63: Kota Surakarta | O63: Tidak | P63: Tenaga pendampingan pembelajaran mata Pelajaran Bahasa Indonesia | Q63: Kabupaten Jepara, Jawa Tengah | R63: https://drive.google.com/drive/folders/1zVhPj5QDepY0nUwUvPu9qCFAbXVxhHQ5 | S63: https://drive.google.com/drive/folders/1DvcSMjkGajB_4DTsRI2BJi9k6R619G3v | T63: Alumni PPG Calon Guru / Prajabatan FKIP UNS | U63: X902308315 | V63: S1 di UMS | W63: S1 di UMS | X63: UNS | Y63: PPG di UNS
A64: 46232.813 | B64: wahyu.rvp007@gmail.com | C64: Wahyu Nugroho, S.Pd., Gr | D64: 7000190544 | E64: 085340348364 | F64: 36900 | G64: S1-Pendidikan Sejarah | H64: Universitas Halu Oleo | I64: Sejarah | J64: PPG Prajabatan Gelombang 2 Tahun 2023 | K64: 2025 | L64: 3.41 | M64: - | N64: Kendari, Sulawesi Tenggara | O64: Tidak | P64: Tenaga pendampingan pembelajaran mata Pelajaran Ilmu Pengetahuan Sosial (IPS) untuk mengajar mata pelajaran Sosiologi, Ekonomi, Geografi, dan Sejarah | Q64: Kabupaten Buton Tengah, Sulawesi Tenggara | R64: https://drive.google.com/drive/folders/1y1R3g_Ps-NBszB-H-tBdEOwX7mUKl9pJ | S64: https://drive.google.com/drive/folders/1jt4YLBNVmmQlbLqan48uzpTgjZJgPJtc | T64: Lainnya
A65: 46232.823 | B65: muhidbayyan5@gmail.com | C65: Muhid Bayyan, S.Pd. | D65: 201698584238 | E65: 087775710810 | F65: 33628 | G65: Pendidikan Pancasila dan Kewarganegaraan | H65: Universitas Muhammadiyah Surakarta | I65: Pendidikan Pancasila dan Kewarganegaraan (PKn) | J65: PPG Calon Guru Gelombang 2 Tahun 2024 | K65: 2025 | L65: 2.65 | M65: 3.50 | N65: Demak, Jawa Tengah | O65: Tidak | P65: Tenaga pendampingan pembelajaran mata Pelajaran Pendidikan Pancasila | Q65: Kabupaten Jepara, Jawa Tengah | R65: - | S65: https://drive.google.com/drive/folders/1DUcWJvg3MRjkBfV1Wb2SOf09W0KOXuia | T65: Lainnya
A66: 46232.824 | B66: poncopras15@gmail.com | C66: Muhammad Ponco Prasetyo, S.Pd., Gr | D66: 7000001058 | E66: 085785333059 | F66: 36668 | G66: Pendidikan Matematika | H66: Universitas Muhammadiyah Surakarta | I66: Matematika | J66: PPG Prajabatan Gelombang 1 Tahun 2023 | K66: 2024 | L66: 3.46 | M66: 4 | N66: Kabupaten Grobogan, Jawa Tengah | O66: Tidak | P66: Tenaga pendampingan pembelajaran mata Pelajaran Matematika (umum) | Q66: Kabupaten Jepara, Jawa Tengah | R66: - | S66: https://drive.google.com/drive/folders/1GaI6YVgutsBMNIGY3HaluvXIH5nka1r3 | T66: Lainnya
A67: 46232.948 | B67: ppg.khoiruddinnugroho92@program.belajar.id | C67: Khoiruddin Adi Nugroho, S.Pd. | D67: 7000125630 | E67: 083838487111 | F67: 36525 | G67: Pendidikan Matematika | H67: Universitas Sebelas Maret | I67: Matematika | J67: PPG Prajabatan Gelombang 1 Tahun 2023 | K67: 2024 | L67: 3.34 | M67: 4.00 | N67: Kabupaten Boyolali, Jawa Tengah | O67: Tidak | P67: Tenaga pendampingan pembelajaran mata Pelajaran Matematika (umum) | Q67: Kabupaten Jepara, Jawa Tengah | R67: https://drive.google.com/drive/folders/1Xt6h7jx3czj4afAue1YgIAboBHeGM2uR | S67: https://drive.google.com/drive/folders/1BunhS9ZC30KIV72NDCiDcLA3-Ud7Jkt9 | T67: Alumni S1 FKIP UNS yang telah lulus PPG Calon Guru/Prajabatan bukan di FKIP UNS | V67: K1318043 | W67: Pendidikan Matematika | X67: Universitas Muhammadiyah Surakarta | Y67: A941230031
A68: 46232.87 | B68: adambhrdn24@gmail.com | C68: Adam Baharddudin, S.Or | D68: 7000114559 | E68: 082326731860 | F68: 36304 | G68: S1- ILMU KEOLAHRAGAAN | H68: UNIVERSITAS NEGERI SEMARANG | I68: Pendidikan Jasmani, Olahraga, dan Kesehatan (PJOK) | J68: PPG Prajabatan Gelombang 2 Tahun 2022 | K68: 2023 | L68: 3.70 | M68: 4.00 | N68: KAB. PATI | O68: Tidak | P68: Tenaga pendampingan pembelajaran mata Pelajaran Penjasorkes | Q68: Kabupaten Jepara, Jawa Tengah | R68: https://drive.google.com/drive/folders/1DYyHuJ2wcuaLyFmqxKbSEYLJbbMqgJUz?usp=sharing | S68: https://drive.google.com/drive/folders/1Rs9HB-oZ3H5yNrDt9DFHXgAhgSOFkiIK?usp=sharing | T68: Alumni PPG Calon Guru / Prajabatan FKIP UNS | U68: X9022083743 | V68: - | W68: - | X68: - | Y68: -
A69: 46232.889 | B69: hendraramadhan31121997@gmail.com | C69: Hendra Ramadhan, S.Pd., Gr | D69: 7000128335 | E69: +6288221283922 | F69: 35795 | G69: S-1 Pendidikan IPA | H69: Universitas Sebelas Maret (UNS) | I69: Ilmu Pengetahuan Alam (IPA) | J69: PPG Prajabatan Gelombang 1 Tahun 2023 | K69: 2024 | L69: 3.69 | M69: 3.98 | N69: Kota Surakarta, Jawa Tengah | O69: Tidak | P69: Tenaga pendampingan pembelajaran mata Pelajaran Ilmu Pengetahuan Alam (IPA) untuk mengajar mata pelajaran Biologi, Kimia, Fisika | Q69: Kabupaten Jepara, Jawa Tengah | R69: https://s.id/berkassertifikatSNThendra | S69: https://youtu.be/RtFvDOOgoqM | T69: Alumni PPG Calon Guru / Prajabatan FKIP UNS | U69: X902308400 | V69: - | W69: - | X69: - | Y69: -
A70: 46232.942 | B70: wismpm99@gmail.com | C70: Wisma Puteri Mustika, S.Pd., Gr. | D70: 7000131551 | E70: 085702647132 | F70: 36436 | G70: Pendidikan IPA | H70: Universitas Negeri Semarang | I70: Ilmu Pengetahuan Alam (IPA) | J70: PPG Prajabatan Gelombang 1 Tahun 2023 | K70: 2024 | L70: 3.74 | M70: 3.96 | N70: Kabupaten Blora, Jawa Tengah | O70: Tidak | P70: Tenaga pendampingan pembelajaran mata Pelajaran Ilmu Pengetahuan Alam (IPA) untuk mengajar mata pelajaran Biologi, Kimia, Fisika | Q70: Kabupaten Jepara, Jawa Tengah | R70: https://drive.google.com/drive/folders/1Xc0MRju7g1H4dMvg8kLe33DxXZIsG0ok | S70: https://drive.google.com/drive/folders/18vJaaPkf_N1kQFEIOq34K1CHZlOV1Yxr | T70: Alumni PPG Calon Guru / Prajabatan FKIP UNS | U70: X902308930 | V70: 0 | W70: 0 | X70: 0 | Y70: 0
A71: 46232.919 | B71: bastianwijayanto78@gmail.com | C71: Bastian Wijayanto, S.Pd., Gr. | D71: 201698388620 | E71: 085647472150 | F71: 32570 | G71: PPKn | H71: Universitas Muhammadiyah Surakarta | I71: Pendidikan Pancasila dan Kewarganegaraan (PKn) | J71: PPG Prajabatan Gelombang 1 Tahun 2022 | K71: 2023 | L71: 3.64 | M71: 90.13 | N71: Kabupaten Jepara, Jawa Tengah | O71: Tidak | P71: Tenaga pendampingan pembelajaran mata Pelajaran Pendidikan Pancasila | Q71: Kabupaten Jepara, Jawa Tengah | R71: https://drive.google.com/drive/folders/19pK6PbUXZ16YntCxA1TVSeVpSrRQULn9?usp=sharing | S71: https://drive.google.com/drive/folders/1LzuVejBMa0nJuaBNUC6Wmo059tSnk3PX?usp=drive_link | T71: Lainnya
A72: 46232.939 | B72: diyanaratnasari190102@gmail.com | C72: Diyana Ratna Sari, S.Pd, Gr. | D72: 7000213119 | E72: 081326793556 | F72: 37275 | G72: Pendidikan jasmani kesahatan dan Rekreasi | H72: universitas Riau | I72: Pendidikan Jasmani, Olahraga, dan Kesehatan (PJOK) | J72: PPG Prajabatan Gelombang 1 Tahun 2024 | K72: 2025 | L72: 3.76 | M72: 3.91 | N72: Kabupaten Boyolali, Jawa Tengah | O72: Tidak | P72: Tenaga pendampingan pembelajaran mata Pelajaran Penjasorkes | Q72: Kabupaten Jepara, Jawa Tengah | R72: https://drive.google.com/drive/folders/18vwhzoAAIqFRo5rULGhDu-kLtx3XV-QY | S72: https://drive.google.com/file/d/1fI_gpiFidC35PhUgS4AL5664hKzkHvrn/view?usp=drivesdk | T72: Alumni PPG Calon Guru / Prajabatan FKIP UNS | U72: x942408143 | V72: 1905112400 | W72: pendidikan jasmani keshatan dan rekreasi | X72: UNIVERSITAS SEBELAS MARET | Y72: X942408143
A73: 46232.957 | B73: ppg.mochamadmisbakhudin58@program.belajar.id | C73: MOCHAMAD MISBAKHUDIN, S.Pd. | D73: 202300095800 | E73: 0895635413104 | F73: 34740 | G73: TADRIS MATEMATIKA | H73: INSTITUT AGAMA ISLAM NEGERI TULUNGAGUNG | I73: Matematika | J73: PPG Prajabatan Gelombang 2 Tahun 2023 | K73: 2024 | L73: 3.44 | M73: - | N73: KABUPATEN KEDIRI, JAWA TIMUR | O73: Tidak | P73: Tenaga pendampingan pembelajaran mata pelajaran TIK | Q73: Kabupaten Jepara, Jawa Tengah | R73: - | S73: https://drive.google.com/drive/folders/1ltUU36tlXxgfeMDDdoLQOBEN6rzRAnT4 | T73: Lainnya
A74: 46232.957 | B74: marsyandaalfina@gmail.com | C74: Marsyanda Alfina Choirunnisa', S.Pd | D74: 7000266904 | E74: 082333047987 | F74: 37043 | G74: S1 Pendidikan Sains | H74: Universitas Negeri Surabaya | I74: Ilmu Pengetahuan Alam (IPA) | J74: PPG Calon Guru Gelombang 2 Tahun 2024 | K74: 2025 | L74: 3.82 | M74: 3.97 | N74: Kabupaten Kediri | O74: Tidak | P74: Tenaga pendampingan pembelajaran mata Pelajaran Ilmu Pengetahuan Alam (IPA) untuk mengajar mata pelajaran Biologi, Kimia, Fisika | Q74: Kabupaten Jepara, Jawa Tengah | R74: https://drive.google.com/file/d/1mWsPvV-wLUvQFuPoZ0oy-IU7zRHdrqM2/view?usp=drivesdk | S74: https://drive.google.com/file/d/1q-2IZ9iExO_p1ito2WG__QJ0JhY5ERou/view?usp=drivesdk | T74: Lainnya
A75: 46232.958 | B75: silmikrn@gmail.com | C75: SILMI KURNIA SA'ADAH, S.Pd. | D75: 7000028992 | E75: 087880657411 | F75: 35886 | G75: PENDIDIKAN IPA | H75: UNIVERSITAS NEGERI SEMARANG | I75: Ilmu Pengetahuan Alam (IPA) | J75: PPG Prajabatan Gelombang 1 Tahun 2022 | K75: 2023 | L75: 3.45 | M75: 3.97 | N75: Kabupaten Magelang, Jawa Tengah | O75: Tidak | P75: Tenaga pendampingan pembelajaran mata Pelajaran Ilmu Pengetahuan Alam (IPA) untuk mengajar mata pelajaran Biologi, Kimia, Fisika | Q75: Kabupaten Jepara, Jawa Tengah | R75: https://drive.google.com/file/d/1Cp2XvZpha_BsmVKXrwzzbt50zrXWFIgd/view?usp=sharing | S75: https://drive.google.com/drive/folders/1ow4-6NaDSh-0U4S7plIc-icO8HYC61WV?usp=sharing | T75: Alumni PPG Calon Guru / Prajabatan FKIP UNS | U75: X9022082692 | V75: 4001416025 | W75: PENDIDIKAN IPA | X75: UNIVERSITAS SEBELAS MARET | Y75: X9022082692
A76: 46233.895 | B76: hwinggar@gmail.com | C76: Winggar H, S.Pd., Gr. | D76: 7000326329 | E76: 085343887057 | F76: 36607 | G76: PENDIDIKAN JASMANI KESEHATAN DAN REKREASI | H76: Universitas Negeri Makassar | I76: Pendidikan Jasmani, Olahraga, dan Kesehatan (PJOK) | J76: PPG Calon Guru Gelombang 2 Tahun 2024 | K76: 2025 | L76: 3.53 | M76: 4.00 | N76: Kabupaten Buton, Sulawesi Tenggara | O76: Tidak | P76: Tenaga pendampingan pembelajaran mata Pelajaran Penjasorkes | Q76: Kabupaten Buton Tengah, Sulawesi Tenggara | R76: - | S76: https://drive.google.com/file/d/1-BbTbD6dRGBlX3AWGJ92R7ATswHSzRJr/view?usp=drivesdk | T76: Alumni PPG Calon Guru / Prajabatan FKIP UHO | Y76: A3S224355
A77: 46232.986 | B77: mukhlisanggraini34@guru.sd.belajar.id | C77: Mukhlis Siska Nur Anggraini, S. Pd | D77: 201501061583@guruku.id | E77: 085642225680 | F77: 30409 | G77: S1 PGSD | H77: Universitas Terbuka | I77: Pendidikan Guru Sekolah Dasar (PGSD) | J77: PPG Prajabatan Gelombang 1 Tahun 2022 | K77: 2023 | L77: 2.75 | M77: 3 | N77: Sukoharjo Jawa Tengah | O77: Ya | P77: Tenaga pendampingan pembelajaran mata Pelajaran Matematika (umum) | Q77: Kabupaten Jepara, Jawa Tengah | R77: - | S77: - | T77: Lainnya
A78: 46232.988 | B78: dhiarrafiibintang@gmail.com | C78: Dhiarrafii Bintang Matahari, M.Pd., Gr. | D78: 7000177065 | E78: 0895341077017 | F78: 36267 | G78: Pendidikan Ilmu Pengetahuan Alam | H78: Universitas Negeri Yogyakarta | I78: Ilmu Pengetahuan Alam (IPA) | J78: PPG Prajabatan Gelombang 1 Tahun 2023 | K78: 2024 | L78: 3.69 | M78: 3.97 | N78: Kabupaten Sleman, Daerah Istimewa Yogyakarta | O78: Tidak | P78: Tenaga pendampingan pembelajaran mata Pelajaran Ilmu Pengetahuan Alam (IPA) untuk mengajar mata pelajaran Biologi, Kimia, Fisika | Q78: Kabupaten Jepara, Jawa Tengah | R78: https://drive.google.com/drive/folders/1ZqAJMDrwcjCIBwezainJPSq-Af5FR8ad?usp=sharing | S78: https://drive.google.com/drive/folders/18yBJOjtpw6PsG4DRETVg2yP5SJnmcY39?usp=sharing | T78: Lainnya
A79: 46233.379 | B79: puspaindah164@gmail.com | C79: Puspa Indah Sulistyaningrum | D79: 7000132328 | E79: 085648823789 | F79: 36431 | G79: Pendidikan Biologi | H79: Universitas PGRI Madiun | I79: Ilmu Pengetahuan Alam (IPA) | J79: PPG Prajabatan Gelombang 1 Tahun 2023 | K79: 2024 | L79: 3.67 | M79: 4.00 | N79: Madiun, Jawa Timur | O79: Tidak | P79: Tenaga pendampingan pembelajaran mata Pelajaran Ilmu Pengetahuan Alam (IPA) untuk mengajar mata pelajaran Biologi, Kimia, Fisika | Q79: Kabupaten Buton Tengah, Sulawesi Tenggara | R79: - | S79: https://drive.google.com/drive/folders/1-40u8UNH_SNeIkwr8FZ6hdjDyNuH11WZ | T79: Lainnya
A80: 46233.38 | B80: devianti098@gmail.com | C80: Devianti S. Pd., Gr | D80: 7000283882 | E80: 082271337970 | F80: 36734 | G80: Matematika | H80: Universitas Halu Oleo | I80: Matematika | J80: PPG Calon Guru Gelombang 2 Tahun 2024 | K80: 2025 | L80: 3.16 | M80: 4.00 | N80: Desa Labone, Kec. Lasalepa, Kab. Muna, Sulawesi Tenggara | O80: Tidak | P80: Tenaga pendampingan pembelajaran mata Pelajaran Matematika (umum) | Q80: Kabupaten Buton Tengah, Sulawesi Tenggara | R80: Tidak ada | S80: https://drive.google.com/file/d/1xC1-O8NQibAtMRCBDo8VBwZEXn2Edt3L/view?usp=drivesdk | T80: Alumni PPG Calon Guru / Prajabatan FKIP UHO | Y80: A3S224248
A81: 46233.39 | B81: ennymaharani010601@gmail.com | C81: Enny Maharani, S.Pd.,Gr | D81: 7000138201 | E81: 082291582572 | F81: 37043 | G81: Pendidikan Matematika | H81: Universitas Halu Oleo | I81: Matematika | J81: PPG Calon Guru Gelombang 2 Tahun 2024 | K81: 2025 | L81: 3.60 | M81: 4.00 | N81: Kota Baubau, Sulawesi Tenggara | O81: Tidak | P81: Tenaga pendampingan pembelajaran mata Pelajaran Matematika (umum) | Q81: Kabupaten Buton Tengah, Sulawesi Tenggara | R81: - | S81: https://drive.google.com/file/d/1YlN9LWOGX_duy7lpVzaDTpDDBGlh7HwO/view?usp=drivesdk | T81: Alumni PPG Calon Guru / Prajabatan FKIP UHO | Y81: A3S224250
A82: 46233.397 | B82: shabrina.hanani@gmail.com | C82: Shabrina, S.Pd., M.Pd., Gr. | D82: 202100103775@guruku.id | E82: 082333952223 | F82: 33736 | G82: Pendidikan Fisika | H82: Universitas Negeri Yogyakarta | I82: Fisika | J82: PPG Prajabatan Gelombang 1 Tahun 2022 | K82: 2023 | L82: 3.40 | M82: 86.66 | N82: Kota Pekalongan, Jawa Tengah | O82: Tidak | P82: Tenaga pendampingan pembelajaran mata Pelajaran Ilmu Pengetahuan Alam (IPA) untuk mengajar mata pelajaran Biologi, Kimia, Fisika | Q82: Kabupaten Buton Tengah, Sulawesi Tenggara | R82: https://drive.google.com/drive/folders/1oDDFY2xrlyT8xOLSLtaWcTorLaV2gd-T?usp=sharing | S82: https://www.youtube.com/watch?v=jM1e_5OwKnw | T82: Lainnya
A83: 46233.583 | B83: alfiatysaid1008@gmail.com | C83: ALFIATY SAID | D83: AZ 5142766667230473 | E83: 085216569995 | F83: 32365 | G83: PENDIDIKAN BAHASA INGGRIS | H83: UNIVERSITAS HALU OLEO | I83: Bahasa Inggris | J83: PPG Calon Guru Gelombang 2 Tahun 2024 | K83: 2025 | L83: 3.17 | M83: 3.25 | N83: RAHA, SULAWESI TENGGARA | O83: Tidak | P83: Tenaga pendampingan pembelajaran mata Pelajaran Bahasa Inggris | Q83: Kabupaten Buton Tengah, Sulawesi Tenggara | R83: TIDAK ADA | S83: https://drive.google.com/file/d/1peyjAV00fNYAk1KhW_TI0Z-Tyzfr-pjB/view?usp=drive_link | T83: Alumni PPG Calon Guru / Prajabatan FKIP UHO | Y83: AS2521443
A84: 46233.72 | B84: waodesaputry2404@gmail.com | C84: Wa Ode SaputryNingrat, S.Pd., Gr | D84: 202300182908 | E84: 081342973823 | F84: 37370 | G84: Pendidikan Kimia | H84: Universitas Halu Oleo | I84: Kimia | J84: PPG Calon Guru Gelombang 2 Tahun 2024 | K84: 2025 | L84: 3.36 | M84: 4.0 | N84: Kabupaten Muna, Sulawesi Tenggara | O84: Tidak | P84: Tenaga pendampingan pembelajaran mata Pelajaran Ilmu Pengetahuan Alam (IPA) untuk mengajar mata pelajaran Biologi, Kimia, Fisika | Q84: Kabupaten Buton Tengah, Sulawesi Tenggara | R84: - | S84: https://drive.google.com/file/d/12O1DB7FIoqIZRTC1SggA8lB7Wtp7A1WW/view?usp=drivesdk | T84: Alumni PPG Calon Guru / Prajabatan FKIP UHO | Y84: A3S224234
A85: 46233.779 | B85: fatchurrrahman14@gmail.com | C85: FATCHUR RAHMAN S.Pd., Gr. | D85: 7000306847 | E85: 082135297868 | F85: 37939 | G85: Pendidikan Jasmani Kesehatan dan Rekreasi | H85: Universitas Negeri Makassar | I85: Pendidikan Jasmani, Olahraga, dan Kesehatan (PJOK) | J85: PPG Calon Guru Gelombang 2 Tahun 2024 | K85: 2025 | L85: 3.78 | M85: 4.00 | N85: Kota Baubau | O85: Tidak | P85: Tenaga pendampingan pembelajaran mata Pelajaran Penjasorkes | Q85: Kabupaten Buton Tengah, Sulawesi Tenggara | R85: Tidak ada | S85: https://drive.google.com/file/d/143JHDzse3sObZEzbFHQZvZdWWfCEdKTl/view?usp=drivesdk | T85: Alumni PPG Calon Guru / Prajabatan FKIP UHO | Y85: A3S224325
A86: 46233.836 | B86: sarnisiyauta01@gmail.com | C86: SARNI SIYAUTA | D86: 7000288683 | E86: 082197933296 | F86: 37084 | G86: BIMBINGAN KONSELING ISLAM | H86: IAIN AMBON | I86: Bimbingan dan Konseling | J86: PPG Calon Guru Gelombang 2 Tahun 2024 | K86: 2025 | L86: 3.85 | M86: 4.00 | N86: KOTA AMBON | O86: Tidak | P86: Tenaga pendampingan pembelajaran mata Pelajaran Bimbingan dan Konseling | Q86: Kabupaten Buton Tengah, Sulawesi Tenggara | R86: https://drive.google.com/drive/folders/1KztHH-x7AAkCa0Y68fAPNtOjI1uXYp8N | S86: https://drive.google.com/file/d/10gR1poUJUv4Bp7RvR9-QMDkoqIoCFID6/view?usp=drivesdk | T86: Lainnya
A87: 46233.851 | B87: kimisbat@gmail.com | C87: Ach. Isbat Fauzi, S.Pd., Kons., Gr. | D87: 7000194154 | E87: 081330307316 | F87: 36969 | G87: S1 Bimbingan dan Konseling | H87: STKIP PGRI Sumenep | I87: Bimbingan dan Konseling | J87: PPG Calon Guru Gelombang 2 Tahun 2024 | K87: 2025 | L87: 3.75 | M87: 3.89 | N87: Kabupaten Sumenep, Jawa Timur | O87: Tidak | P87: Tenaga pendampingan pembelajaran mata Pelajaran Bimbingan dan Konseling | Q87: Kabupaten Buton Tengah, Sulawesi Tenggara | R87: https://drive.google.com/drive/folders/1RiA64zDPMGWcUQJbujjzdvuiiFbqOYv- | S87: https://drive.google.com/file/d/14w0SrHcah5KVYYJRxX4GoYuo6Arj4xmT/view?usp=drivesdk | T87: Alumni S1 FKIP UNS yang telah lulus PPG Calon Guru/Prajabatan bukan di FKIP UNS | V87: 18862011A000969 | W87: S1 Bimbingan dan Konseling | X87: Universitas PGRI Adi Buana Surabaya | Y87: 2450700083
A88: 46233.953 | B88: samshifar9@gmail.com | C88: Samsifar, S. Pd | D88: 7000129096 | E88: 085396857305 | F88: 37049 | G88: Pendidikan Biologi | H88: Universitas Sembilanbelas November Kolaka | I88: Ilmu Pengetahuan Alam (IPA) | J88: PPG Prajabatan Gelombang 1 Tahun 2023 | K88: 2024 | L88: 3.88 | M88: Tidak ada Transkrip PPG, Hanya Sertifikat Pendidik | N88: Kabupaten Bombana, Sulawesi Tenggara | O88: Tidak | P88: Tenaga pendampingan pembelajaran mata Pelajaran Ilmu Pengetahuan Alam (IPA) untuk mengajar mata pelajaran Biologi, Kimia, Fisika | Q88: Kabupaten Buton Tengah, Sulawesi Tenggara | R88: https://drive.google.com/drive/folders/1_Lxo5HWobtllKRhx4DoAPo3psCWgujfd | S88: https://drive.google.com/file/d/125S5BykyAsUYhePZcozF54aMpBkwCf9m/view?usp=drivesdk | T88: Lainnya
A89: 46233.962 | B89: ppg.usmanprabowo00628@program.belajar.id | C89: Usman Adi Prabowo, S.Pd. | D89: 7000201472 | E89: 082135909910 | F89: 36700 | G89: S-1 Pendidikan Jasmani Sekolah Dasar | H89: S-1 Universitas Negeri Yogyakarta | I89: Pendidikan Jasmani, Olahraga, dan Kesehatan (PJOK) | J89: PPG Prajabatan Gelombang 2 Tahun 2023 | K89: 2024 | L89: 3.85 | M89: 3.80 | N89: Kabupaten Wonogiri, Jawa Tengah | O89: Tidak | P89: Tenaga pendampingan pembelajaran mata Pelajaran Penjasorkes | Q89: Kabupaten Buton Tengah, Sulawesi Tenggara | R89: - | S89: https://drive.google.com/drive/folders/11IqJDpjcTXnE4CSXbzC3pwb5BIKVYs--?usp=drive_link | T89: Alumni PPG Calon Guru / Prajabatan FKIP UNS | U89: X9023083808 | V89: - | W89: - | X89: - | Y89: -
A90: 46233.979 | B90: dionikhwan357@gmail.com | C90: Nursia. M, S.Pd., Gr | D90: 7000196113 | E90: 082264140874 | F90: 35061 | G90: Pendidikan Bahasa dan Sastra Indonesia | H90: Universitas Halu Oleo | I90: Bahasa Indonesia | J90: PPG Prajabatan Gelombang 2 Tahun 2023 | K90: 2024 | L90: 3.30 | M90: 4.00 | N90: Buton Tengah, Sulawesi Tenggara | O90: Tidak | P90: Tenaga pendampingan pembelajaran mata Pelajaran Bahasa Indonesia | Q90: Kabupaten Buton Tengah, Sulawesi Tenggara | R90: https://drive.google.com/drive/folders/1QCz4bH3wjl2517dnFzL0-0FyB0_Hr0eA?usp=sharing | S90: https://drive.google.com/drive/folders/1QCz4bH3wjl2517dnFzL0-0FyB0_Hr0eA?usp=sharing | T90: Alumni PPG Calon Guru / Prajabatan FKIP UHO | Y90: A3S223182
A91: 46234.671 | B91: afdalandhy17@gmail.com | C91: muh. andy afdal., M.Pd., Gr | D91: 7000081678 | E91: 085242615796 | F91: 36160 | G91: Tadris Biologi | H91: Institut Agama Islam Negeri Kendari | I91: Biologi | J91: PPG Prajabatan Gelombang 2 Tahun 2022 | K91: 2023 | L91: 3.60 | M91: 3.91 | N91: Kota Kendari, Sulawesi Tenggara | O91: Tidak | P91: Tenaga pendampingan pembelajaran mata pelajaran TIK | Q91: Kabupaten Buton Tengah, Sulawesi Tenggara | R91: tidak ada | S91: https://drive.google.com/drive/folders/19r7Cl5nUN2M2MKhSE7bGX8tAGaPZ57JC | T91: Lainnya
A92: 46234.936 | B92: nuzuliafitriana9@gmail.com | C92: Nuzulia Fitriana, S.Pd., M.Pd. | D92: 201900549859@guruku.id | E92: 085702115262 | F92: 34986 | G92: Pendidikan Pancasila dan Kewarganegaraan | H92: Universitas Negeri Semarang | I92: Pendidikan Pancasila dan Kewarganegaraan (PKn) | J92: Lainnya | K92: 2023 | L92: 3.54 | M92: - | N92: Kabupaten Jepara, Jawa Tengah | O92: Tidak | P92: Kabupaten Buton Tengah - Tenaga pendampingan pembelajaran mata Pelajaran Pendidikan Pancasila | R92: https://drive.google.com/drive/u/0/folders/1wXlUMPMbMO0PPDAIm87fHTYI2gRiO5u_ | S92: https://youtu.be/37xNnZIRYh8?si=ZntzwVImPe4feJBs | T92: Lainnya
A93: 46235.315 | B93: dewiindam27@gmail.com | C93: Dewi Inda Musni, S.Pd., Gr. | D93: 7000003007 | E93: 082323558624 | F93: 36000 | G93: Pendidikan IPA | H93: Universitas Tidar | I93: Ilmu Pengetahuan Alam (IPA) | J93: PPG Prajabatan Gelombang 2 Tahun 2022 | K93: 2023 | L93: 3.70 | M93: 3.99 | N93: Kabupaten Blora, Jawa Tengah | O93: Tidak | P93: Kabupaten Jepara - Tenaga pendampingan pembelajaran mata Pelajaran Bahasa Inggris | R93: https://drive.google.com/drive/folders/1Eea9hOlnFGbYLubLsrKFIDH0A0S4mwyr | S93: https://drive.google.com/drive/folders/1YLcx8j3x4rEq2EPc1oUEnY0ns2CZx521 | T93: Alumni PPG Calon Guru / Prajabatan FKIP UNS | U93: X9022083854 | V93: - | W93: - | X93: - | Y93: -
A94: 46235.505 | B94: omsenodotcom@gmail.com | C94: Seno Setiyawan, S.Si, Gr | D94: 7000110408 | E94: 085799588894 | F94: 34873 | G94: Matematika | H94: Universitas Sebelas Maret | I94: Matematika | J94: PPG Prajabatan Gelombang 2 Tahun 2023 | K94: 2024 | L94: 3.11 | M94: 3.90 | N94: Surakarta | O94: Tidak | P94: Kabupaten Buton Tengah - Tenaga pendampingan pembelajaran mata pelajaran TIK | R94: https://drive.google.com/drive/folders/17MT469v6DaHmpoLFdWBe241N_dObmepV?usp=drive_link | S94: https://drive.google.com/drive/folders/17MT469v6DaHmpoLFdWBe241N_dObmepV?usp=drive_link | T94: Alumni PPG Calon Guru / Prajabatan FKIP UNS | U94: X9023083767 | V94: M0113045 | W94: Matematika | X94: Universitas Sebelas Maret | Y94: X9023083767
A95: 46236.667 | B95: talithan3@gmail.com | C95: Talitha Nabilah, S.Pd. Gr. | D95: 7000227297 | E95: 082334453085 | F95: 36964 | G95: Pendidikan Fisika | H95: Universitas Jember | I95: Pendidikan Guru Sekolah Dasar (PGSD) | J95: PPG Prajabatan Gelombang 1 Tahun 2024 | K95: 2024 | L95: 3.77 | M95: 3.96 | N95: Kabupaten Sidoarjo, Jawa Timur | O95: Tidak | P95: Kabupaten Buton Tengah - Tenaga pendampingan pembelajaran mata pelajaran TIK | R95: - | S95: https://drive.google.com/file/d/1esCIwzUph4H8JVvdlxBZpkGt2mgfGEOw/view?usp=sharing | T95: Lainnya
A96: 46236.691 | B96: fajaradyw@gmail.com | C96: Fajar Ady Widyanto, S.Pd., Gr. | D96: 7000166756 | E96: 08135761188 | F96: 34480 | G96: Pendidikan Seni Rupa | H96: Universitas Sebelas Maret | I96: Seni Budaya | J96: PPG Prajabatan Gelombang 2 Tahun 2023 | K96: 2024 | L96: 3.10 | M96: 3.91 | N96: Kota Surakarta, Jawa Tengah | O96: Tidak | P96: Kabupaten Jepara - Tenaga pendampingan pembelajaran mata Pelajaran Bahasa Inggris | R96: - | S96: https://drive.google.com/file/d/1cmV4eplHOudpvjZyn_HVJK6lNiw9g58G/view?usp=drivesdk | T96: Alumni PPG Calon Guru / Prajabatan FKIP UNS | U96: X9023083515 | V96: K3212026 | W96: Pendidikan Seni Rupa | X96: Universitas Sebelas Maret | Y96: X9023083515
A97: 46236.829 | B97: muhammadmukammil2@gmail.com | C97: Muhammad Mukammil, S.Pd., Gr | D97: 7000255680 | E97: 082236786534 | F97: 36856 | G97: Pendidikan Teknologi Informasi | H97: Universitas Muhammadiyah Kendari | I97: Informatika | J97: PPG Calon Guru Gelombang 2 Tahun 2024 | K97: 2025 | L97: 3.73 | M97: 3.98 | N97: Kabupaten Bombana, Sulawesi Tenggara | O97: Tidak | P97: Kabupaten Buton Tengah - Tenaga pendampingan pembelajaran mata pelajaran TIK | R97: https://drive.google.com/drive/folders/1p-kQdNiRgjOIiTD_RhX1uvRJKUvgJ4xc?usp=sharing | S97: https://drive.google.com/file/d/1Y1HflIYtf8a__N_hRkDkNxk37uHu01vn/view?usp=drive_link | T97: Alumni S1 FKIP UNS yang telah lulus PPG Calon Guru/Prajabatan bukan di FKIP UNS | V97: 21916141 | W97: Pendidikan Teknologi Informasi | X97: Universitas Negeri Gorontalo | Y97: 121172410091
A98: 46236.855 | B98: viraoktaviana08@gmail.com | C98: Vira Oktaviana, S.Pd.Gr | D98: Universitas Muhammadiyah Surakarta | E98: 085875666255 | F98: 36441 | G98: Pendidikan Teknik Informatika dan Komputer | H98: Universitas Negeri Semarang | I98: Informatika | J98: PPG Calon Guru Gelombang 2 Tahun 2024 | K98: 2025 | L98: 3.47 | M98: 3.96 | N98: Kudus, Jawa Tengah | O98: Tidak | P98: Kabupaten Buton Tengah - Tenaga pendampingan pembelajaran mata pelajaran TIK | R98: https://drive.google.com/drive/folders/1mnSHPVEjQdxRANgN3JMjVU82XqtfeJhp?usp=sharing | S98: https://drive.google.com/file/d/16iPyUf7iTQQhSLQ91kRa-Q5r3R0NU1Zz/view?usp=drive_link | T98: Lainnya
A99: 46236.868 | B99: tompraks@gmail.com | C99: Cahyo Tomi Prakoso, S.Pd., Gr. | D99: 202100016013 | E99: 08993882246 | F99: 35562 | G99: Pendidikan Bahasa Inggris | H99: Universitas Negeri Yogyakarta | I99: Bahasa Inggris | J99: Lainnya | K99: 2025 | L99: 3.37 | M99: 3.31 | N99: OKU Timur, Sumatera Selatan | O99: Tidak | P99: Kabupaten Jepara - Tenaga pendampingan pembelajaran mata Pelajaran Bahasa Inggris | R99: https://drive.google.com/drive/folders/1Jo5cOOJOGSkcnrln3SZE_oV49sGq04i6?usp=drive_link | S99: Link video utuh: https://drive.google.com/file/d/1hJZR1L1EfV2_QwLe63GQkuq7F1y_SEjQ/view?usp=drivesdk Link Video potong: https://drive.google.com/file/d/1pC-5PPO96WmgmPD63ulKwXOSpWLxgzJw/view?usp=drivesdk | T99: Lainnya
A100: 46237.322 | B100: nurulkhairunnisa12@gmail.com | C100: Nurul Khairunnisa, S.Pd. | D100: 7000229496 | E100: 085154982120 | F100: 36023 | G100: Pendidikan bahasa Inggris | H100: IAIN Parepare | I100: Bahasa Inggris | J100: PPG Calon Guru Gelombang 2 Tahun 2024 | K100: 2025 | L100: 3.54 | M100: 4.00 | N100: Kota palu, Sulawesi Tengah | O100: Tidak | P100: Kabupaten Buton Tengah - Tenaga pendampingan pembelajaran mata Pelajaran Bahasa Inggris | R100: - | S100: https://drive.google.com/file/d/1W9Fy8z1hWSMDv7tcpLGtmPPvb85l4l67/view?usp=drivesdk | T100: Lainnya
...

Sheet Admin Tahap 2
A1: =IFERROR(__xludf.DUMMYFUNCTION("QUERY('Form Responses 1'!A:Z, ""SELECT *"", 1)"),"Timestamp") -> Timestamp | B1: =IFERROR(__xludf.DUMMYFUNCTION("""COMPUTED_VALUE"""),"Email Address") -> Email Address | C1: =IFERROR(__xludf.DUMMYFUNCTION("""COMPUTED_VALUE"""),"Nama Lengkap (disertai gelar)") -> Nama Lengkap (disertai gelar) | D1: =IFERROR(__xludf.DUMMYFUNCTION("""COMPUTED_VALUE"""),"PTK ID / SIMPKB ID") -> PTK ID / SIMPKB ID | E1: =IFERROR(__xludf.DUMMYFUNCTION("""COMPUTED_VALUE"""),"Nomor WA") -> Nomor WA | F1: =IFERROR(__xludf.DUMMYFUNCTION("""COMPUTED_VALUE"""),"Tanggal Lahir") -> Tanggal Lahir | G1: =IFERROR(__xludf.DUMMYFUNCTION("""COMPUTED_VALUE"""),"Program Studi S-1/D-IV") -> Program Studi S-1/D-IV | H1: =IFERROR(__xludf.DUMMYFUNCTION("""COMPUTED_VALUE"""),"Asal Universitas S-1/D-IV") -> Asal Universitas S-1/D-IV | I1: =IFERROR(__xludf.DUMMYFUNCTION("""COMPUTED_VALUE"""),"Bidang Studi PPG (sesuai yg tertulis di Serdik)") -> Bidang Studi PPG (sesuai yg tertulis di Serdik) | J1: =IFERROR(__xludf.DUMMYFUNCTION("""COMPUTED_VALUE"""),"Angkatan PPG") -> Angkatan PPG | K1: =IFERROR(__xludf.DUMMYFUNCTION("""COMPUTED_VALUE"""),"Tahun Lulus PPG (sesuai dengan tahun penerbitan Sertifikat Pendidik)") -> Tahun Lulus PPG (sesuai dengan tahun penerbitan Sertifikat Pendidik) | L1: =IFERROR(__xludf.DUMMYFUNCTION("""COMPUTED_VALUE"""),"IPK saat S1") -> IPK saat S1 | M1: =IFERROR(__xludf.DUMMYFUNCTION("""COMPUTED_VALUE"""),"IPK saat PPG") -> IPK saat PPG | N1: =IFERROR(__xludf.DUMMYFUNCTION("""COMPUTED_VALUE"""),"Domisili Anda saat ini? (Contoh : Kota Surakarta, Jawa Tengah)") -> Domisili Anda saat ini? (Contoh : Kota Surakarta, Jawa Tengah) | O1: =IFERROR(__xludf.DUMMYFUNCTION("""COMPUTED_VALUE"""),"Berkedudukan sebagai calon PNS, PNS, PPPK, PPPK Paruh Waktu, prajurit Tentara Nasional Indonesia, atau anggota Kepolisian Negara Republik Indonesia;") -> Berkedudukan sebagai calon PNS, PNS, PPPK, PPPK Paruh Waktu, prajurit Tentara Nasional Indonesia, atau anggota Kepolisian Negara Republik Indonesia; | P1: =IFERROR(__xludf.DUMMYFUNCTION("""COMPUTED_VALUE"""),"Jabatan dan Lokasi TPP yang dilamar") -> Jabatan dan Lokasi TPP yang dilamar | Q1: =IFERROR(__xludf.DUMMYFUNCTION("""COMPUTED_VALUE"""),"Pilihan Lokasi Sekolah Nasional Terintegrasi") -> Pilihan Lokasi Sekolah Nasional Terintegrasi | R1: =IFERROR(__xludf.DUMMYFUNCTION("""COMPUTED_VALUE"""),"Sertifikat Pelatihan Peningkatan Komptenesi (5 tahun terakhir)") -> Sertifikat Pelatihan Peningkatan Komptenesi (5 tahun terakhir) | S1: =IFERROR(__xludf.DUMMYFUNCTION("""COMPUTED_VALUE"""),"Video Microteaching") -> Video Microteaching | T1: =IFERROR(__xludf.DUMMYFUNCTION("""COMPUTED_VALUE"""),"Kategori Pendaftar") -> Kategori Pendaftar | U1: =IFERROR(__xludf.DUMMYFUNCTION("""COMPUTED_VALUE"""),"NIM PPG (dapat dilihat pada web: https://valid.fkip.uns.ac.id)") -> NIM PPG (dapat dilihat pada web: https://valid.fkip.uns.ac.id) | V1: =IFERROR(__xludf.DUMMYFUNCTION("""COMPUTED_VALUE"""),"NIM S1") -> NIM S1 | W1: =IFERROR(__xludf.DUMMYFUNCTION("""COMPUTED_VALUE"""),"Program Studi S1") -> Program Studi S1 | X1: =IFERROR(__xludf.DUMMYFUNCTION("""COMPUTED_VALUE"""),"LPTK PPG") -> LPTK PPG | Y1: =IFERROR(__xludf.DUMMYFUNCTION("""COMPUTED_VALUE"""),"NIM PPG") -> NIM PPG | Z1: =IFERROR(__xludf.DUMMYFUNCTION("""COMPUTED_VALUE"""),"Upload Scan Sertifikat Pendidik (serdik)") -> Upload Scan Sertifikat Pendidik (serdik) | AA1: Hasil Seleksi | AB1: Keterangan
A2: =IFERROR(__xludf.DUMMYFUNCTION("""COMPUTED_VALUE"""),46231.92248826388) -> 46231.922 | B2: =IFERROR(__xludf.DUMMYFUNCTION("""COMPUTED_VALUE"""),"rrizkhyadhi21@gmail.com") -> rrizkhyadhi21@gmail.com | C2: =IFERROR(__xludf.DUMMYFUNCTION("""COMPUTED_VALUE"""),"Rizky Adi Nugroho S.Pd.,Gr.") -> Rizky Adi Nugroho S.Pd.,Gr. | D2: =IFERROR(__xludf.DUMMYFUNCTION("""COMPUTED_VALUE"""),7.000247262E9) -> 7000247262 | E2: =IFERROR(__xludf.DUMMYFUNCTION("""COMPUTED_VALUE"""),"085713086642") -> 085713086642 | F2: =IFERROR(__xludf.DUMMYFUNCTION("""COMPUTED_VALUE"""),36791.0) -> 36791 | G2: =IFERROR(__xludf.DUMMYFUNCTION("""COMPUTED_VALUE"""),"Pendidikan Jasmani") -> Pendidikan Jasmani | H2: =IFERROR(__xludf.DUMMYFUNCTION("""COMPUTED_VALUE"""),"UNIVERSITAS TUNAS PEMBANGUNAN SURAKARTA ") -> UNIVERSITAS TUNAS PEMBANGUNAN SURAKARTA | I2: =IFERROR(__xludf.DUMMYFUNCTION("""COMPUTED_VALUE"""),"Pendidikan Jasmani, Olahraga, dan Kesehatan (PJOK)") -> Pendidikan Jasmani, Olahraga, dan Kesehatan (PJOK) | J2: =IFERROR(__xludf.DUMMYFUNCTION("""COMPUTED_VALUE"""),"PPG Calon Guru Gelombang 2 Tahun 2024") -> PPG Calon Guru Gelombang 2 Tahun 2024 | K2: =IFERROR(__xludf.DUMMYFUNCTION("""COMPUTED_VALUE"""),2025.0) -> 2025 | L2: =IFERROR(__xludf.DUMMYFUNCTION("""COMPUTED_VALUE"""),"3.57") -> 3.57 | M2: =IFERROR(__xludf.DUMMYFUNCTION("""COMPUTED_VALUE"""),"3.88") -> 3.88 | N2: =IFERROR(__xludf.DUMMYFUNCTION("""COMPUTED_VALUE"""),"Sukoharjo, Jawa Tengah") -> Sukoharjo, Jawa Tengah | O2: =IFERROR(__xludf.DUMMYFUNCTION("""COMPUTED_VALUE"""),"Tidak") -> Tidak | P2: =IFERROR(__xludf.DUMMYFUNCTION("""COMPUTED_VALUE"""),"Tenaga pendampingan pembelajaran mata Pelajaran Penjasorkes") -> Tenaga pendampingan pembelajaran mata Pelajaran Penjasorkes | Q2: =IFERROR(__xludf.DUMMYFUNCTION("""COMPUTED_VALUE"""),"Kabupaten Jepara, Jawa Tengah") -> Kabupaten Jepara, Jawa Tengah | R2: =IFERROR(__xludf.DUMMYFUNCTION("""COMPUTED_VALUE"""),"https://drive.google.com/drive/folders/1dsYqEqelctlZxB4Hys2aTvWw_xo7AZBD?usp=drive_link ") -> https://drive.google.com/drive/folders/1dsYqEqelctlZxB4Hys2aTvWw_xo7AZBD?usp=drive_link | S2: =IFERROR(__xludf.DUMMYFUNCTION("""COMPUTED_VALUE"""),"https://drive.google.com/file/d/1iCxSV9hd262CkcTCjL23f6n7t7EoV6ur/view?usp=sharing ") -> https://drive.google.com/file/d/1iCxSV9hd262CkcTCjL23f6n7t7EoV6ur/view?usp=sharing | T2: =IFERROR(__xludf.DUMMYFUNCTION("""COMPUTED_VALUE"""),"Alumni PPG Calon Guru / Prajabatan FKIP UNS") -> Alumni PPG Calon Guru / Prajabatan FKIP UNS | U2: =IFERROR(__xludf.DUMMYFUNCTION("""COMPUTED_VALUE"""),"X942408406") -> X942408406 | V2: =IFERROR(__xludf.DUMMYFUNCTION("""COMPUTED_VALUE"""),"D0418008") -> D0418008 | W2: =IFERROR(__xludf.DUMMYFUNCTION("""COMPUTED_VALUE"""),"PENDIDIKAN JASMANI") -> PENDIDIKAN JASMANI | X2: =IFERROR(__xludf.DUMMYFUNCTION("""COMPUTED_VALUE"""),"UNIVERSITAS SEBELAS MARET SURAKARTA") -> UNIVERSITAS SEBELAS MARET SURAKARTA | Y2: =IFERROR(__xludf.DUMMYFUNCTION("""COMPUTED_VALUE"""),"X942408406") -> X942408406
A3: =IFERROR(__xludf.DUMMYFUNCTION("""COMPUTED_VALUE"""),46229.614621678236) -> 46229.615 | B3: =IFERROR(__xludf.DUMMYFUNCTION("""COMPUTED_VALUE"""),"puspitadianaarumawati@gmail.com") -> puspitadianaarumawati@gmail.com | C3: =IFERROR(__xludf.DUMMYFUNCTION("""COMPUTED_VALUE"""),"Puspita Diana Arumawati, M.Pd., Gr.") -> Puspita Diana Arumawati, M.Pd., Gr. | D3: =IFERROR(__xludf.DUMMYFUNCTION("""COMPUTED_VALUE"""),7.00008667E9) -> 7000086670 | E3: =IFERROR(__xludf.DUMMYFUNCTION("""COMPUTED_VALUE"""),"082313256124") -> 082313256124 | F3: =IFERROR(__xludf.DUMMYFUNCTION("""COMPUTED_VALUE"""),36249.0) -> 36249 | G3: =IFERROR(__xludf.DUMMYFUNCTION("""COMPUTED_VALUE"""),"Pendidikan Biologi") -> Pendidikan Biologi | H3: =IFERROR(__xludf.DUMMYFUNCTION("""COMPUTED_VALUE"""),"Universitas Negeri Semarang") -> Universitas Negeri Semarang | I3: =IFERROR(__xludf.DUMMYFUNCTION("""COMPUTED_VALUE"""),"Biologi") -> Biologi | J3: =IFERROR(__xludf.DUMMYFUNCTION("""COMPUTED_VALUE"""),"PPG Prajabatan Gelombang 2 Tahun 2022") -> PPG Prajabatan Gelombang 2 Tahun 2022 | K3: =IFERROR(__xludf.DUMMYFUNCTION("""COMPUTED_VALUE"""),2023.0) -> 2023 | L3: =IFERROR(__xludf.DUMMYFUNCTION("""COMPUTED_VALUE"""),"3.49") -> 3.49 | M3: =IFERROR(__xludf.DUMMYFUNCTION("""COMPUTED_VALUE"""),"3.94") -> 3.94 | N3: =IFERROR(__xludf.DUMMYFUNCTION("""COMPUTED_VALUE"""),"Kabupaten Boyolali, Jawa Tengah") -> Kabupaten Boyolali, Jawa Tengah | O3: =IFERROR(__xludf.DUMMYFUNCTION("""COMPUTED_VALUE"""),"Tidak") -> Tidak | P3: =IFERROR(__xludf.DUMMYFUNCTION("""COMPUTED_VALUE"""),"Tenaga pendampingan pembelajaran mata Pelajaran Ilmu Pengetahuan Alam (IPA) untuk mengajar mata pelajaran Biologi, Kimia, Fisika") -> Tenaga pendampingan pembelajaran mata Pelajaran Ilmu Pengetahuan Alam (IPA) untuk mengajar mata pelajaran Biologi, Kimia, Fisika | Q3: =IFERROR(__xludf.DUMMYFUNCTION("""COMPUTED_VALUE"""),"Kabupaten Jepara, Jawa Tengah") -> Kabupaten Jepara, Jawa Tengah | R3: =IFERROR(__xludf.DUMMYFUNCTION("""COMPUTED_VALUE"""),"https://drive.google.com/drive/folders/16x0nmGx6I5WGw8jgQGGJwL-c62fCaeiM?usp=drive_link") -> https://drive.google.com/drive/folders/16x0nmGx6I5WGw8jgQGGJwL-c62fCaeiM?usp=drive_link | S3: =IFERROR(__xludf.DUMMYFUNCTION("""COMPUTED_VALUE"""),"https://drive.google.com/drive/folders/1LUwVcKfRJZTw2XbLLprTSDJ04eWDmd0c?usp=sharing") -> https://drive.google.com/drive/folders/1LUwVcKfRJZTw2XbLLprTSDJ04eWDmd0c?usp=sharing | T3: =IFERROR(__xludf.DUMMYFUNCTION("""COMPUTED_VALUE"""),"Alumni PPG Calon Guru / Prajabatan FKIP UNS") -> Alumni PPG Calon Guru / Prajabatan FKIP UNS | U3: =IFERROR(__xludf.DUMMYFUNCTION("""COMPUTED_VALUE"""),"X9022084121") -> X9022084121 | V3: =IFERROR(__xludf.DUMMYFUNCTION("""COMPUTED_VALUE"""),"-") -> - | W3: =IFERROR(__xludf.DUMMYFUNCTION("""COMPUTED_VALUE"""),"-") -> - | X3: =IFERROR(__xludf.DUMMYFUNCTION("""COMPUTED_VALUE"""),"-") -> - | Y3: =IFERROR(__xludf.DUMMYFUNCTION("""COMPUTED_VALUE"""),"-") -> -
A4: =IFERROR(__xludf.DUMMYFUNCTION("""COMPUTED_VALUE"""),46229.615371273154) -> 46229.615 | B4: =IFERROR(__xludf.DUMMYFUNCTION("""COMPUTED_VALUE"""),"hanafifuad33@gmail.com") -> hanafifuad33@gmail.com | C4: =IFERROR(__xludf.DUMMYFUNCTION("""COMPUTED_VALUE"""),"Fuad Hanafi, S.Pd., Gr. ") -> Fuad Hanafi, S.Pd., Gr. | D4: =IFERROR(__xludf.DUMMYFUNCTION("""COMPUTED_VALUE"""),7.000266546E9) -> 7000266546 | E4: =IFERROR(__xludf.DUMMYFUNCTION("""COMPUTED_VALUE"""),"087836197102") -> 087836197102 | F4: =IFERROR(__xludf.DUMMYFUNCTION("""COMPUTED_VALUE"""),37414.0) -> 37414 | G4: =IFERROR(__xludf.DUMMYFUNCTION("""COMPUTED_VALUE"""),"Pendidikan Bahasa dan Sastra Indonesia") -> Pendidikan Bahasa dan Sastra Indonesia | H4: =IFERROR(__xludf.DUMMYFUNCTION("""COMPUTED_VALUE"""),"Universitas Muhammadiyah Surakarta") -> Universitas Muhammadiyah Surakarta | I4: =IFERROR(__xludf.DUMMYFUNCTION("""COMPUTED_VALUE"""),"Bahasa Indonesia") -> Bahasa Indonesia | J4: =IFERROR(__xludf.DUMMYFUNCTION("""COMPUTED_VALUE"""),"PPG Prajabatan Gelombang 1 Tahun 2024") -> PPG Prajabatan Gelombang 1 Tahun 2024 | K4: =IFERROR(__xludf.DUMMYFUNCTION("""COMPUTED_VALUE"""),2025.0) -> 2025 | L4: =IFERROR(__xludf.DUMMYFUNCTION("""COMPUTED_VALUE"""),"3.79") -> 3.79 | M4: =IFERROR(__xludf.DUMMYFUNCTION("""COMPUTED_VALUE"""),"3.86") -> 3.86 | N4: =IFERROR(__xludf.DUMMYFUNCTION("""COMPUTED_VALUE"""),"Sragen, Jawa Tengah") -> Sragen, Jawa Tengah | O4: =IFERROR(__xludf.DUMMYFUNCTION("""COMPUTED_VALUE"""),"Tidak") -> Tidak | P4: =IFERROR(__xludf.DUMMYFUNCTION("""COMPUTED_VALUE"""),"Tenaga pendampingan pembelajaran mata Pelajaran Bahasa Indonesia") -> Tenaga pendampingan pembelajaran mata Pelajaran Bahasa Indonesia | Q4: =IFERROR(__xludf.DUMMYFUNCTION("""COMPUTED_VALUE"""),"Kabupaten Jepara, Jawa Tengah") -> Kabupaten Jepara, Jawa Tengah | R4: =IFERROR(__xludf.DUMMYFUNCTION("""COMPUTED_VALUE"""),"https://drive.google.com/drive/folders/1sbX_gWwophHrTMrZOyC0f5Nbdw36cMSx") -> https://drive.google.com/drive/folders/1sbX_gWwophHrTMrZOyC0f5Nbdw36cMSx | S4: =IFERROR(__xludf.DUMMYFUNCTION("""COMPUTED_VALUE"""),"https://drive.google.com/drive/folders/1nSG76BaQdtMG-CDvZEJRGPQJe22CUPnC") -> https://drive.google.com/drive/folders/1nSG76BaQdtMG-CDvZEJRGPQJe22CUPnC | T4: =IFERROR(__xludf.DUMMYFUNCTION("""COMPUTED_VALUE"""),"Alumni PPG Calon Guru / Prajabatan FKIP UNS") -> Alumni PPG Calon Guru / Prajabatan FKIP UNS | U4: =IFERROR(__xludf.DUMMYFUNCTION("""COMPUTED_VALUE"""),"X942408195") -> X942408195 | V4: =IFERROR(__xludf.DUMMYFUNCTION("""COMPUTED_VALUE"""),"-") -> - | W4: =IFERROR(__xludf.DUMMYFUNCTION("""COMPUTED_VALUE"""),"-") -> - | X4: =IFERROR(__xludf.DUMMYFUNCTION("""COMPUTED_VALUE"""),"Universitas Sebelas Maret") -> Universitas Sebelas Maret | Y4: =IFERROR(__xludf.DUMMYFUNCTION("""COMPUTED_VALUE"""),"-") -> -
A5: =IFERROR(__xludf.DUMMYFUNCTION("""COMPUTED_VALUE"""),46230.94699185185) -> 46230.947 | B5: =IFERROR(__xludf.DUMMYFUNCTION("""COMPUTED_VALUE"""),"nalapawitri81@gmail.com") -> nalapawitri81@gmail.com | C5: =IFERROR(__xludf.DUMMYFUNCTION("""COMPUTED_VALUE"""),"Nala Pawitri Andanawarih, S.Pd.,Gr") -> Nala Pawitri Andanawarih, S.Pd.,Gr | D5: =IFERROR(__xludf.DUMMYFUNCTION("""COMPUTED_VALUE"""),7.000088952E9) -> 7000088952 | E5: =IFERROR(__xludf.DUMMYFUNCTION("""COMPUTED_VALUE"""),"089515819690") -> 089515819690 | F5: =IFERROR(__xludf.DUMMYFUNCTION("""COMPUTED_VALUE"""),36154.0) -> 36154 | G5: =IFERROR(__xludf.DUMMYFUNCTION("""COMPUTED_VALUE"""),"Pendidikan Seni Tari") -> Pendidikan Seni Tari | H5: =IFERROR(__xludf.DUMMYFUNCTION("""COMPUTED_VALUE"""),"Universitas Negeri Semarang") -> Universitas Negeri Semarang | I5: =IFERROR(__xludf.DUMMYFUNCTION("""COMPUTED_VALUE"""),"Seni Budaya") -> Seni Budaya | J5: =IFERROR(__xludf.DUMMYFUNCTION("""COMPUTED_VALUE"""),"PPG Prajabatan Gelombang 1 Tahun 2023") -> PPG Prajabatan Gelombang 1 Tahun 2023 | K5: =IFERROR(__xludf.DUMMYFUNCTION("""COMPUTED_VALUE"""),2024.0) -> 2024 | L5: =IFERROR(__xludf.DUMMYFUNCTION("""COMPUTED_VALUE"""),"3.28") -> 3.28 | M5: =IFERROR(__xludf.DUMMYFUNCTION("""COMPUTED_VALUE"""),"3.86") -> 3.86 | N5: =IFERROR(__xludf.DUMMYFUNCTION("""COMPUTED_VALUE"""),"Banyumas, Jawa Tengah") -> Banyumas, Jawa Tengah | O5: =IFERROR(__xludf.DUMMYFUNCTION("""COMPUTED_VALUE"""),"Tidak") -> Tidak | P5: =IFERROR(__xludf.DUMMYFUNCTION("""COMPUTED_VALUE"""),"Tenaga pendampingan pembelajaran mata Pelajaran Seni, Budaya, dan Prakarya") -> Tenaga pendampingan pembelajaran mata Pelajaran Seni, Budaya, dan Prakarya | Q5: =IFERROR(__xludf.DUMMYFUNCTION("""COMPUTED_VALUE"""),"Kabupaten Jepara, Jawa Tengah") -> Kabupaten Jepara, Jawa Tengah | R5: =IFERROR(__xludf.DUMMYFUNCTION("""COMPUTED_VALUE"""),"-") -> - | S5: =IFERROR(__xludf.DUMMYFUNCTION("""COMPUTED_VALUE"""),"https://drive.google.com/drive/folders/1yCvx2arxXyITby30A4zMMaHb1zIP3NMt?hl=ID ") -> https://drive.google.com/drive/folders/1yCvx2arxXyITby30A4zMMaHb1zIP3NMt?hl=ID | T5: =IFERROR(__xludf.DUMMYFUNCTION("""COMPUTED_VALUE"""),"Alumni PPG Calon Guru / Prajabatan FKIP UNS") -> Alumni PPG Calon Guru / Prajabatan FKIP UNS | U5: =IFERROR(__xludf.DUMMYFUNCTION("""COMPUTED_VALUE"""),"X902308613") -> X902308613 | V5: =IFERROR(__xludf.DUMMYFUNCTION("""COMPUTED_VALUE"""),"2501417040") -> 2501417040 | W5: =IFERROR(__xludf.DUMMYFUNCTION("""COMPUTED_VALUE"""),"Pendidikan Seni Tari ") -> Pendidikan Seni Tari | X5: =IFERROR(__xludf.DUMMYFUNCTION("""COMPUTED_VALUE"""),"Universitas Sebelas Maret (UNS)") -> Universitas Sebelas Maret (UNS) | Y5: =IFERROR(__xludf.DUMMYFUNCTION("""COMPUTED_VALUE"""),"X902308613") -> X902308613
A6: =IFERROR(__xludf.DUMMYFUNCTION("""COMPUTED_VALUE"""),46229.62515537037) -> 46229.625 | B6: =IFERROR(__xludf.DUMMYFUNCTION("""COMPUTED_VALUE"""),"zahraarqam@gmail.com") -> zahraarqam@gmail.com | C6: =IFERROR(__xludf.DUMMYFUNCTION("""COMPUTED_VALUE"""),"Sitti Zahra Riarana Arqam, S.Pd.Gr") -> Sitti Zahra Riarana Arqam, S.Pd.Gr | D6: =IFERROR(__xludf.DUMMYFUNCTION("""COMPUTED_VALUE"""),7.00216115E8) -> 700216115 | E6: =IFERROR(__xludf.DUMMYFUNCTION("""COMPUTED_VALUE"""),"085399527002") -> 085399527002 | F6: =IFERROR(__xludf.DUMMYFUNCTION("""COMPUTED_VALUE"""),34744.0) -> 34744 | G6: =IFERROR(__xludf.DUMMYFUNCTION("""COMPUTED_VALUE"""),"Pendidikan Jasmani, Kesehatan dan Rekreasi") -> Pendidikan Jasmani, Kesehatan dan Rekreasi | H6: =IFERROR(__xludf.DUMMYFUNCTION("""COMPUTED_VALUE"""),"Universitas Halu Oleo") -> Universitas Halu Oleo | I6: =IFERROR(__xludf.DUMMYFUNCTION("""COMPUTED_VALUE"""),"Pendidikan Jasmani, Olahraga, dan Kesehatan (PJOK)") -> Pendidikan Jasmani, Olahraga, dan Kesehatan (PJOK) | J6: =IFERROR(__xludf.DUMMYFUNCTION("""COMPUTED_VALUE"""),"PPG Calon Guru Gelombang 2 Tahun 2024") -> PPG Calon Guru Gelombang 2 Tahun 2024 | K6: =IFERROR(__xludf.DUMMYFUNCTION("""COMPUTED_VALUE"""),2025.0) -> 2025 | L6: =IFERROR(__xludf.DUMMYFUNCTION("""COMPUTED_VALUE"""),"3.35") -> 3.35 | M6: =IFERROR(__xludf.DUMMYFUNCTION("""COMPUTED_VALUE"""),"4.00") -> 4.00 | N6: =IFERROR(__xludf.DUMMYFUNCTION("""COMPUTED_VALUE"""),"Kota kendari, Sulawesi Tenggara") -> Kota kendari, Sulawesi Tenggara | O6: =IFERROR(__xludf.DUMMYFUNCTION("""COMPUTED_VALUE"""),"Tidak") -> Tidak | P6: =IFERROR(__xludf.DUMMYFUNCTION("""COMPUTED_VALUE"""),"Tenaga pendampingan pembelajaran mata Pelajaran Penjasorkes") -> Tenaga pendampingan pembelajaran mata Pelajaran Penjasorkes | Q6: =IFERROR(__xludf.DUMMYFUNCTION("""COMPUTED_VALUE"""),"Kabupaten Buton Tengah, Sulawesi Tenggara") -> Kabupaten Buton Tengah, Sulawesi Tenggara | R6: =IFERROR(__xludf.DUMMYFUNCTION("""COMPUTED_VALUE"""),"https://drive.google.com/file/d/1RTVKYZC70VNFZ0Li44B1okppAyidoSP2/view?usp=sharing") -> https://drive.google.com/file/d/1RTVKYZC70VNFZ0Li44B1okppAyidoSP2/view?usp=sharing | S6: =IFERROR(__xludf.DUMMYFUNCTION("""COMPUTED_VALUE"""),"https://drive.google.com/drive/folders/1v7ET-0MLyK3nfkDv6QSCOQu7jdaH58zl") -> https://drive.google.com/drive/folders/1v7ET-0MLyK3nfkDv6QSCOQu7jdaH58zl | T6: =IFERROR(__xludf.DUMMYFUNCTION("""COMPUTED_VALUE"""),"Alumni PPG Calon Guru / Prajabatan FKIP UHO") -> Alumni PPG Calon Guru / Prajabatan FKIP UHO | Y6: =IFERROR(__xludf.DUMMYFUNCTION("""COMPUTED_VALUE"""),"A3S224349") -> A3S224349
A7: =IFERROR(__xludf.DUMMYFUNCTION("""COMPUTED_VALUE"""),46229.727876377314) -> 46229.728 | B7: =IFERROR(__xludf.DUMMYFUNCTION("""COMPUTED_VALUE"""),"ppg.syahnadinnuridha91@program.belajar.id") -> ppg.syahnadinnuridha91@program.belajar.id | C7: =IFERROR(__xludf.DUMMYFUNCTION("""COMPUTED_VALUE"""),"SYAHNADIN NURIDHA, S. Pd., Gr") -> SYAHNADIN NURIDHA, S. Pd., Gr | D7: =IFERROR(__xludf.DUMMYFUNCTION("""COMPUTED_VALUE"""),7.000141094E9) -> 7000141094 | E7: =IFERROR(__xludf.DUMMYFUNCTION("""COMPUTED_VALUE"""),"082322016171") -> 082322016171 | F7: =IFERROR(__xludf.DUMMYFUNCTION("""COMPUTED_VALUE"""),36178.0) -> 36178 | G7: =IFERROR(__xludf.DUMMYFUNCTION("""COMPUTED_VALUE"""),"S1 PENDIDIKAN IPA") -> S1 PENDIDIKAN IPA | H7: =IFERROR(__xludf.DUMMYFUNCTION("""COMPUTED_VALUE"""),"UNIVERSITAS NEGERI SEMARANG") -> UNIVERSITAS NEGERI SEMARANG | I7: =IFERROR(__xludf.DUMMYFUNCTION("""COMPUTED_VALUE"""),"Ilmu Pengetahuan Alam (IPA)") -> Ilmu Pengetahuan Alam (IPA) | J7: =IFERROR(__xludf.DUMMYFUNCTION("""COMPUTED_VALUE"""),"PPG Prajabatan Gelombang 1 Tahun 2023") -> PPG Prajabatan Gelombang 1 Tahun 2023 | K7: =IFERROR(__xludf.DUMMYFUNCTION("""COMPUTED_VALUE"""),2024.0) -> 2024 | L7: =IFERROR(__xludf.DUMMYFUNCTION("""COMPUTED_VALUE"""),"3.45") -> 3.45 | M7: =IFERROR(__xludf.DUMMYFUNCTION("""COMPUTED_VALUE"""),"3.94") -> 3.94 | N7: =IFERROR(__xludf.DUMMYFUNCTION("""COMPUTED_VALUE"""),"SURAKARTA") -> SURAKARTA | O7: =IFERROR(__xludf.DUMMYFUNCTION("""COMPUTED_VALUE"""),"Tidak") -> Tidak | P7: =IFERROR(__xludf.DUMMYFUNCTION("""COMPUTED_VALUE"""),"Tenaga pendampingan pembelajaran mata Pelajaran Ilmu Pengetahuan Alam (IPA) untuk mengajar mata pelajaran Biologi, Kimia, Fisika") -> Tenaga pendampingan pembelajaran mata Pelajaran Ilmu Pengetahuan Alam (IPA) untuk mengajar mata pelajaran Biologi, Kimia, Fisika | Q7: =IFERROR(__xludf.DUMMYFUNCTION("""COMPUTED_VALUE"""),"Kabupaten Jepara, Jawa Tengah") -> Kabupaten Jepara, Jawa Tengah | R7: =IFERROR(__xludf.DUMMYFUNCTION("""COMPUTED_VALUE"""),"https://drive.google.com/drive/folders/1zI1VsvS3r7N2xgGHzHSOeXsPBlYpL9ku?usp=sharing") -> https://drive.google.com/drive/folders/1zI1VsvS3r7N2xgGHzHSOeXsPBlYpL9ku?usp=sharing | S7: =IFERROR(__xludf.DUMMYFUNCTION("""COMPUTED_VALUE"""),"https://drive.google.com/drive/folders/1zI1VsvS3r7N2xgGHzHSOeXsPBlYpL9ku?usp=sharing") -> https://drive.google.com/drive/folders/1zI1VsvS3r7N2xgGHzHSOeXsPBlYpL9ku?usp=sharing | T7: =IFERROR(__xludf.DUMMYFUNCTION("""COMPUTED_VALUE"""),"Alumni PPG Calon Guru / Prajabatan FKIP UNS") -> Alumni PPG Calon Guru / Prajabatan FKIP UNS | U7: =IFERROR(__xludf.DUMMYFUNCTION("""COMPUTED_VALUE"""),"X902308868") -> X902308868 | V7: =IFERROR(__xludf.DUMMYFUNCTION("""COMPUTED_VALUE"""),"4001417039") -> 4001417039 | W7: =IFERROR(__xludf.DUMMYFUNCTION("""COMPUTED_VALUE"""),"PENDIDIKAN IPA") -> PENDIDIKAN IPA | X7: =IFERROR(__xludf.DUMMYFUNCTION("""COMPUTED_VALUE"""),"UNIVERSITAS SEBELAS MARET") -> UNIVERSITAS SEBELAS MARET | Y7: =IFERROR(__xludf.DUMMYFUNCTION("""COMPUTED_VALUE"""),"X902308868") -> X902308868
A8: =IFERROR(__xludf.DUMMYFUNCTION("""COMPUTED_VALUE"""),46231.35516229167) -> 46231.355 | B8: =IFERROR(__xludf.DUMMYFUNCTION("""COMPUTED_VALUE"""),"syiadwi13@gmail.com") -> syiadwi13@gmail.com | C8: =IFERROR(__xludf.DUMMYFUNCTION("""COMPUTED_VALUE"""),"Syifa Dwi Novita, S.Pd., Gr.") -> Syifa Dwi Novita, S.Pd., Gr. | D8: =IFERROR(__xludf.DUMMYFUNCTION("""COMPUTED_VALUE"""),7.000012366E9) -> 7000012366 | E8: =IFERROR(__xludf.DUMMYFUNCTION("""COMPUTED_VALUE"""),"089608882627") -> 089608882627 | F8: =IFERROR(__xludf.DUMMYFUNCTION("""COMPUTED_VALUE"""),35747.0) -> 35747 | G8: =IFERROR(__xludf.DUMMYFUNCTION("""COMPUTED_VALUE"""),"S1 Pendidikan Biologi") -> S1 Pendidikan Biologi | H8: =IFERROR(__xludf.DUMMYFUNCTION("""COMPUTED_VALUE"""),"Universitas Muhammadiyah Purwokerto") -> Universitas Muhammadiyah Purwokerto | I8: =IFERROR(__xludf.DUMMYFUNCTION("""COMPUTED_VALUE"""),"Ilmu Pengetahuan Alam (IPA)") -> Ilmu Pengetahuan Alam (IPA) | J8: =IFERROR(__xludf.DUMMYFUNCTION("""COMPUTED_VALUE"""),"PPG Prajabatan Gelombang 1 Tahun 2023") -> PPG Prajabatan Gelombang 1 Tahun 2023 | K8: =IFERROR(__xludf.DUMMYFUNCTION("""COMPUTED_VALUE"""),2024.0) -> 2024 | L8: =IFERROR(__xludf.DUMMYFUNCTION("""COMPUTED_VALUE"""),"3.36") -> 3.36 | M8: =IFERROR(__xludf.DUMMYFUNCTION("""COMPUTED_VALUE"""),"3.98") -> 3.98 | N8: =IFERROR(__xludf.DUMMYFUNCTION("""COMPUTED_VALUE"""),"Kedungrandu RT 1 RW 3, Kecamatan Patikraja, Kabupaten Banyumas") -> Kedungrandu RT 1 RW 3, Kecamatan Patikraja, Kabupaten Banyumas | O8: =IFERROR(__xludf.DUMMYFUNCTION("""COMPUTED_VALUE"""),"Tidak") -> Tidak | P8: =IFERROR(__xludf.DUMMYFUNCTION("""COMPUTED_VALUE"""),"Tenaga pendampingan pembelajaran mata Pelajaran Ilmu Pengetahuan Alam (IPA) untuk mengajar mata pelajaran Biologi, Kimia, Fisika") -> Tenaga pendampingan pembelajaran mata Pelajaran Ilmu Pengetahuan Alam (IPA) untuk mengajar mata pelajaran Biologi, Kimia, Fisika | Q8: =IFERROR(__xludf.DUMMYFUNCTION("""COMPUTED_VALUE"""),"Kabupaten Jepara, Jawa Tengah") -> Kabupaten Jepara, Jawa Tengah | R8: =IFERROR(__xludf.DUMMYFUNCTION("""COMPUTED_VALUE"""),"https://drive.google.com/file/d/1X90srqhGWSBgzBIWf55Q0lMEEvUwXmVt/view?usp=sharing") -> https://drive.google.com/file/d/1X90srqhGWSBgzBIWf55Q0lMEEvUwXmVt/view?usp=sharing | S8: =IFERROR(__xludf.DUMMYFUNCTION("""COMPUTED_VALUE"""),"https://drive.google.com/drive/folders/1sDPOjTor3XOExzch1Qzi6KmtuS5XvMav?usp=drive_link") -> https://drive.google.com/drive/folders/1sDPOjTor3XOExzch1Qzi6KmtuS5XvMav?usp=drive_link | T8: =IFERROR(__xludf.DUMMYFUNCTION("""COMPUTED_VALUE"""),"Alumni PPG Calon Guru / Prajabatan FKIP UNS") -> Alumni PPG Calon Guru / Prajabatan FKIP UNS | U8: =IFERROR(__xludf.DUMMYFUNCTION("""COMPUTED_VALUE"""),"X902308871") -> X902308871 | V8: =IFERROR(__xludf.DUMMYFUNCTION("""COMPUTED_VALUE"""),"1501070008") -> 1501070008 | W8: =IFERROR(__xludf.DUMMYFUNCTION("""COMPUTED_VALUE"""),"S1 Pendidikan Biologi") -> S1 Pendidikan Biologi | X8: =IFERROR(__xludf.DUMMYFUNCTION("""COMPUTED_VALUE"""),"Universitas Sebelas Maret") -> Universitas Sebelas Maret | Y8: =IFERROR(__xludf.DUMMYFUNCTION("""COMPUTED_VALUE"""),"-") -> -
A9: =IFERROR(__xludf.DUMMYFUNCTION("""COMPUTED_VALUE"""),46229.862542766205) -> 46229.863 | B9: =IFERROR(__xludf.DUMMYFUNCTION("""COMPUTED_VALUE"""),"intaniaeka@gmail.com") -> intaniaeka@gmail.com | C9: =IFERROR(__xludf.DUMMYFUNCTION("""COMPUTED_VALUE"""),"Intania Eka Yanti, S.Kom., Gr.") -> Intania Eka Yanti, S.Kom., Gr. | D9: =IFERROR(__xludf.DUMMYFUNCTION("""COMPUTED_VALUE"""),7.000230682E9) -> 7000230682 | E9: =IFERROR(__xludf.DUMMYFUNCTION("""COMPUTED_VALUE"""),"089662119850") -> 089662119850 | F9: =IFERROR(__xludf.DUMMYFUNCTION("""COMPUTED_VALUE"""),36233.0) -> 36233 | G9: =IFERROR(__xludf.DUMMYFUNCTION("""COMPUTED_VALUE"""),"S1 Sistem Informasi ") -> S1 Sistem Informasi | H9: =IFERROR(__xludf.DUMMYFUNCTION("""COMPUTED_VALUE"""),"Universitas Telkom") -> Universitas Telkom | I9: =IFERROR(__xludf.DUMMYFUNCTION("""COMPUTED_VALUE"""),"Informatika") -> Informatika | J9: =IFERROR(__xludf.DUMMYFUNCTION("""COMPUTED_VALUE"""),"PPG Calon Guru Gelombang 2 Tahun 2024") -> PPG Calon Guru Gelombang 2 Tahun 2024 | K9: =IFERROR(__xludf.DUMMYFUNCTION("""COMPUTED_VALUE"""),2025.0) -> 2025 | L9: =IFERROR(__xludf.DUMMYFUNCTION("""COMPUTED_VALUE"""),"3.05") -> 3.05 | M9: =IFERROR(__xludf.DUMMYFUNCTION("""COMPUTED_VALUE"""),"3.94") -> 3.94 | N9: =IFERROR(__xludf.DUMMYFUNCTION("""COMPUTED_VALUE"""),"Klaten, Jawa Tengah") -> Klaten, Jawa Tengah | O9: =IFERROR(__xludf.DUMMYFUNCTION("""COMPUTED_VALUE"""),"Tidak") -> Tidak | P9: =IFERROR(__xludf.DUMMYFUNCTION("""COMPUTED_VALUE"""),"Tenaga pendampingan pembelajaran mata pelajaran TIK") -> Tenaga pendampingan pembelajaran mata pelajaran TIK | Q9: =IFERROR(__xludf.DUMMYFUNCTION("""COMPUTED_VALUE"""),"Kabupaten Jepara, Jawa Tengah") -> Kabupaten Jepara, Jawa Tengah | R9: =IFERROR(__xludf.DUMMYFUNCTION("""COMPUTED_VALUE"""),"https://drive.google.com/drive/folders/1M6zYjueC4knG4C45THwrSOKv3fiE93TK?usp=sharing") -> https://drive.google.com/drive/folders/1M6zYjueC4knG4C45THwrSOKv3fiE93TK?usp=sharing | S9: =IFERROR(__xludf.DUMMYFUNCTION("""COMPUTED_VALUE"""),"https://drive.google.com/drive/folders/1M6zYjueC4knG4C45THwrSOKv3fiE93TK?usp=sharing") -> https://drive.google.com/drive/folders/1M6zYjueC4knG4C45THwrSOKv3fiE93TK?usp=sharing | T9: =IFERROR(__xludf.DUMMYFUNCTION("""COMPUTED_VALUE"""),"Alumni PPG Calon Guru / Prajabatan FKIP UNS") -> Alumni PPG Calon Guru / Prajabatan FKIP UNS | U9: =IFERROR(__xludf.DUMMYFUNCTION("""COMPUTED_VALUE"""),"X942408242") -> X942408242 | V9: =IFERROR(__xludf.DUMMYFUNCTION("""COMPUTED_VALUE"""),"1202174075") -> 1202174075 | W9: =IFERROR(__xludf.DUMMYFUNCTION("""COMPUTED_VALUE"""),"S1 Sistem Informasi") -> S1 Sistem Informasi | X9: =IFERROR(__xludf.DUMMYFUNCTION("""COMPUTED_VALUE"""),"Universitas Sebelas Maret") -> Universitas Sebelas Maret | Y9: =IFERROR(__xludf.DUMMYFUNCTION("""COMPUTED_VALUE"""),"X942408242") -> X942408242
A10: =IFERROR(__xludf.DUMMYFUNCTION("""COMPUTED_VALUE"""),46233.86906005787) -> 46233.869 | B10: =IFERROR(__xludf.DUMMYFUNCTION("""COMPUTED_VALUE"""),"harnianisiti01.sa@gmail.com") -> harnianisiti01.sa@gmail.com | C10: =IFERROR(__xludf.DUMMYFUNCTION("""COMPUTED_VALUE"""),"Siti Harniani, S. Pd") -> Siti Harniani, S. Pd | D10: =IFERROR(__xludf.DUMMYFUNCTION("""COMPUTED_VALUE"""),7.000227911E9) -> 7000227911 | E10: =IFERROR(__xludf.DUMMYFUNCTION("""COMPUTED_VALUE"""),"085342840408") -> 085342840408 | F10: =IFERROR(__xludf.DUMMYFUNCTION("""COMPUTED_VALUE"""),34581.0) -> 34581 | G10: =IFERROR(__xludf.DUMMYFUNCTION("""COMPUTED_VALUE"""),"Pendidikan Matematika") -> Pendidikan Matematika | H10: =IFERROR(__xludf.DUMMYFUNCTION("""COMPUTED_VALUE"""),"Universitas Dayanu Ikhsanuddin") -> Universitas Dayanu Ikhsanuddin | I10: =IFERROR(__xludf.DUMMYFUNCTION("""COMPUTED_VALUE"""),"Matematika") -> Matematika | J10: =IFERROR(__xludf.DUMMYFUNCTION("""COMPUTED_VALUE"""),"PPG Prajabatan Gelombang 1 Tahun 2024") -> PPG Prajabatan Gelombang 1 Tahun 2024 | K10: =IFERROR(__xludf.DUMMYFUNCTION("""COMPUTED_VALUE"""),2024.0) -> 2024 | L10: =IFERROR(__xludf.DUMMYFUNCTION("""COMPUTED_VALUE"""),"3,57") -> 3,57 | M10: =IFERROR(__xludf.DUMMYFUNCTION("""COMPUTED_VALUE"""),"4.0") -> 4.0 | N10: =IFERROR(__xludf.DUMMYFUNCTION("""COMPUTED_VALUE"""),"Kota Baubau, Sulawesi Tenggara") -> Kota Baubau, Sulawesi Tenggara | O10: =IFERROR(__xludf.DUMMYFUNCTION("""COMPUTED_VALUE"""),"Tidak") -> Tidak | P10: =IFERROR(__xludf.DUMMYFUNCTION("""COMPUTED_VALUE"""),"Tenaga pendampingan pembelajaran mata Pelajaran Matematika (umum)") -> Tenaga pendampingan pembelajaran mata Pelajaran Matematika (umum) | Q10: =IFERROR(__xludf.DUMMYFUNCTION("""COMPUTED_VALUE"""),"Kabupaten Buton Tengah, Sulawesi Tenggara") -> Kabupaten Buton Tengah, Sulawesi Tenggara | R10: =IFERROR(__xludf.DUMMYFUNCTION("""COMPUTED_VALUE"""),"https://drive.google.com/drive/folders/1W1SJkFGvffoQIz8_dEpLvZ7DVpQoENcq?usp=sharing") -> https://drive.google.com/drive/folders/1W1SJkFGvffoQIz8_dEpLvZ7DVpQoENcq?usp=sharing | S10: =IFERROR(__xludf.DUMMYFUNCTION("""COMPUTED_VALUE"""),"https://drive.google.com/drive/folders/1w3AotyxcLiwjWuZcnqdtSFTGCadiF0xD?usp=sharing") -> https://drive.google.com/drive/folders/1w3AotyxcLiwjWuZcnqdtSFTGCadiF0xD?usp=sharing | T10: =IFERROR(__xludf.DUMMYFUNCTION("""COMPUTED_VALUE"""),"Alumni PPG Calon Guru / Prajabatan FKIP UHO") -> Alumni PPG Calon Guru / Prajabatan FKIP UHO | Y10: =IFERROR(__xludf.DUMMYFUNCTION("""COMPUTED_VALUE"""),"A3S224039") -> A3S224039
A11: =IFERROR(__xludf.DUMMYFUNCTION("""COMPUTED_VALUE"""),46229.96785178241) -> 46229.968 | B11: =IFERROR(__xludf.DUMMYFUNCTION("""COMPUTED_VALUE"""),"adibirhamali@gmail.com") -> adibirhamali@gmail.com | C11: =IFERROR(__xludf.DUMMYFUNCTION("""COMPUTED_VALUE"""),"Moch. Adib Irham Ali") -> Moch. Adib Irham Ali | D11: =IFERROR(__xludf.DUMMYFUNCTION("""COMPUTED_VALUE"""),7.000202065E9) -> 7000202065 | E11: =IFERROR(__xludf.DUMMYFUNCTION("""COMPUTED_VALUE"""),"081328698419") -> 081328698419 | F11: =IFERROR(__xludf.DUMMYFUNCTION("""COMPUTED_VALUE"""),35906.0) -> 35906 | G11: =IFERROR(__xludf.DUMMYFUNCTION("""COMPUTED_VALUE"""),"Pendidikan Sejarah") -> Pendidikan Sejarah | H11: =IFERROR(__xludf.DUMMYFUNCTION("""COMPUTED_VALUE"""),"Universitas Sebelas Maret ") -> Universitas Sebelas Maret | I11: =IFERROR(__xludf.DUMMYFUNCTION("""COMPUTED_VALUE"""),"Sejarah") -> Sejarah | J11: =IFERROR(__xludf.DUMMYFUNCTION("""COMPUTED_VALUE"""),"PPG Prajabatan Gelombang 2 Tahun 2023") -> PPG Prajabatan Gelombang 2 Tahun 2023 | K11: =IFERROR(__xludf.DUMMYFUNCTION("""COMPUTED_VALUE"""),2024.0) -> 2024 | L11: =IFERROR(__xludf.DUMMYFUNCTION("""COMPUTED_VALUE"""),"3.72") -> 3.72 | M11: =IFERROR(__xludf.DUMMYFUNCTION("""COMPUTED_VALUE"""),"4.00") -> 4.00 | N11: =IFERROR(__xludf.DUMMYFUNCTION("""COMPUTED_VALUE"""),"Surakarta, Jawa Tengah ") -> Surakarta, Jawa Tengah | O11: =IFERROR(__xludf.DUMMYFUNCTION("""COMPUTED_VALUE"""),"Tidak") -> Tidak | P11: =IFERROR(__xludf.DUMMYFUNCTION("""COMPUTED_VALUE"""),"Tenaga pendampingan pembelajaran mata Pelajaran Ilmu Pengetahuan Sosial (IPS) untuk mengajar mata pelajaran Sosiologi, Ekonomi, Geografi, dan Sejarah") -> Tenaga pendampingan pembelajaran mata Pelajaran Ilmu Pengetahuan Sosial (IPS) untuk mengajar mata pelajaran Sosiologi, Ekonomi, Geografi, dan Sejarah | Q11: =IFERROR(__xludf.DUMMYFUNCTION("""COMPUTED_VALUE"""),"Kabupaten Jepara, Jawa Tengah") -> Kabupaten Jepara, Jawa Tengah | R11: =IFERROR(__xludf.DUMMYFUNCTION("""COMPUTED_VALUE"""),"https://drive.google.com/drive/folders/14p8zvTWQB0cfS1KGcdo-A9IR61ZpUngs") -> https://drive.google.com/drive/folders/14p8zvTWQB0cfS1KGcdo-A9IR61ZpUngs | S11: =IFERROR(__xludf.DUMMYFUNCTION("""COMPUTED_VALUE"""),"https://drive.google.com/drive/folders/14tm61sfbexmy9YMN6u3Mp_YaYsqT-5st") -> https://drive.google.com/drive/folders/14tm61sfbexmy9YMN6u3Mp_YaYsqT-5st | T11: =IFERROR(__xludf.DUMMYFUNCTION("""COMPUTED_VALUE"""),"Alumni PPG Calon Guru / Prajabatan FKIP UNS") -> Alumni PPG Calon Guru / Prajabatan FKIP UNS | U11: =IFERROR(__xludf.DUMMYFUNCTION("""COMPUTED_VALUE"""),"X9023083636") -> X9023083636 | V11: =IFERROR(__xludf.DUMMYFUNCTION("""COMPUTED_VALUE"""),"K4416037") -> K4416037 | W11: =IFERROR(__xludf.DUMMYFUNCTION("""COMPUTED_VALUE"""),"Pendidikan Sejarah ") -> Pendidikan Sejarah | X11: =IFERROR(__xludf.DUMMYFUNCTION("""COMPUTED_VALUE"""),"Universitas Sebelas Maret ") -> Universitas Sebelas Maret | Y11: =IFERROR(__xludf.DUMMYFUNCTION("""COMPUTED_VALUE"""),"X9023083636") -> X9023083636
A12: =IFERROR(__xludf.DUMMYFUNCTION("""COMPUTED_VALUE"""),46230.05171579861) -> 46230.052 | B12: =IFERROR(__xludf.DUMMYFUNCTION("""COMPUTED_VALUE"""),"fitrinurhayani23@gmail.com") -> fitrinurhayani23@gmail.com | C12: =IFERROR(__xludf.DUMMYFUNCTION("""COMPUTED_VALUE"""),"Fitri Nurhayani, S.Pd") -> Fitri Nurhayani, S.Pd | D12: =IFERROR(__xludf.DUMMYFUNCTION("""COMPUTED_VALUE"""),7.000094807E9) -> 7000094807 | E12: =IFERROR(__xludf.DUMMYFUNCTION("""COMPUTED_VALUE"""),"087719811922") -> 087719811922 | F12: =IFERROR(__xludf.DUMMYFUNCTION("""COMPUTED_VALUE"""),35825.0) -> 35825 | G12: =IFERROR(__xludf.DUMMYFUNCTION("""COMPUTED_VALUE"""),"Pendidikan Biologi") -> Pendidikan Biologi | H12: =IFERROR(__xludf.DUMMYFUNCTION("""COMPUTED_VALUE"""),"Universitas Muhammadiyah Surakarta") -> Universitas Muhammadiyah Surakarta | I12: =IFERROR(__xludf.DUMMYFUNCTION("""COMPUTED_VALUE"""),"Ilmu Pengetahuan Alam (IPA)") -> Ilmu Pengetahuan Alam (IPA) | J12: =IFERROR(__xludf.DUMMYFUNCTION("""COMPUTED_VALUE"""),"PPG Prajabatan Gelombang 1 Tahun 2023") -> PPG Prajabatan Gelombang 1 Tahun 2023 | K12: =IFERROR(__xludf.DUMMYFUNCTION("""COMPUTED_VALUE"""),2024.0) -> 2024 | L12: =IFERROR(__xludf.DUMMYFUNCTION("""COMPUTED_VALUE"""),"3.66") -> 3.66 | M12: =IFERROR(__xludf.DUMMYFUNCTION("""COMPUTED_VALUE"""),"3.97") -> 3.97 | N12: =IFERROR(__xludf.DUMMYFUNCTION("""COMPUTED_VALUE"""),"Wonogiri, Jawa Tengah") -> Wonogiri, Jawa Tengah | O12: =IFERROR(__xludf.DUMMYFUNCTION("""COMPUTED_VALUE"""),"Tidak") -> Tidak | P12: =IFERROR(__xludf.DUMMYFUNCTION("""COMPUTED_VALUE"""),"Tenaga pendampingan pembelajaran mata Pelajaran Ilmu Pengetahuan Alam (IPA) untuk mengajar mata pelajaran Biologi, Kimia, Fisika") -> Tenaga pendampingan pembelajaran mata Pelajaran Ilmu Pengetahuan Alam (IPA) untuk mengajar mata pelajaran Biologi, Kimia, Fisika | Q12: =IFERROR(__xludf.DUMMYFUNCTION("""COMPUTED_VALUE"""),"Kabupaten Jepara, Jawa Tengah") -> Kabupaten Jepara, Jawa Tengah | R12: =IFERROR(__xludf.DUMMYFUNCTION("""COMPUTED_VALUE"""),"https://drive.google.com/drive/folders/1e8cKyNE3L_Zkdzx_WNKYqXprhRNVOZaq?usp=sharing") -> https://drive.google.com/drive/folders/1e8cKyNE3L_Zkdzx_WNKYqXprhRNVOZaq?usp=sharing | S12: =IFERROR(__xludf.DUMMYFUNCTION("""COMPUTED_VALUE"""),"https://drive.google.com/drive/folders/15ZPYQ3Clfe0EygnIfgBgzYEpRIik_sBB?usp=sharing") -> https://drive.google.com/drive/folders/15ZPYQ3Clfe0EygnIfgBgzYEpRIik_sBB?usp=sharing | T12: =IFERROR(__xludf.DUMMYFUNCTION("""COMPUTED_VALUE"""),"Alumni PPG Calon Guru / Prajabatan FKIP UNS") -> Alumni PPG Calon Guru / Prajabatan FKIP UNS | U12: =IFERROR(__xludf.DUMMYFUNCTION("""COMPUTED_VALUE"""),"X902308362") -> X902308362 | V12: =IFERROR(__xludf.DUMMYFUNCTION("""COMPUTED_VALUE"""),"3.66") -> 3.66 | W12: =IFERROR(__xludf.DUMMYFUNCTION("""COMPUTED_VALUE"""),"Pendidikan Biologi") -> Pendidikan Biologi | X12: =IFERROR(__xludf.DUMMYFUNCTION("""COMPUTED_VALUE"""),"Universias Sebelas Maret (UNS)") -> Universias Sebelas Maret (UNS) | Y12: =IFERROR(__xludf.DUMMYFUNCTION("""COMPUTED_VALUE"""),"X902308362") -> X902308362
A13: =IFERROR(__xludf.DUMMYFUNCTION("""COMPUTED_VALUE"""),46230.07072915509) -> 46230.071 | B13: =IFERROR(__xludf.DUMMYFUNCTION("""COMPUTED_VALUE"""),"asmildanurrahmawati@gmail.com") -> asmildanurrahmawati@gmail.com | C13: =IFERROR(__xludf.DUMMYFUNCTION("""COMPUTED_VALUE"""),"Asmilda Nur Rahmawati S. Pd., Gr. ") -> Asmilda Nur Rahmawati S. Pd., Gr. | D13: =IFERROR(__xludf.DUMMYFUNCTION("""COMPUTED_VALUE"""),7.000127861E9) -> 7000127861 | E13: =IFERROR(__xludf.DUMMYFUNCTION("""COMPUTED_VALUE"""),"08999882330") -> 08999882330 | F13: =IFERROR(__xludf.DUMMYFUNCTION("""COMPUTED_VALUE"""),36756.0) -> 36756 | G13: =IFERROR(__xludf.DUMMYFUNCTION("""COMPUTED_VALUE"""),"Bimbingan dan konseling") -> Bimbingan dan konseling | H13: =IFERROR(__xludf.DUMMYFUNCTION("""COMPUTED_VALUE"""),"UNS") -> UNS | I13: =IFERROR(__xludf.DUMMYFUNCTION("""COMPUTED_VALUE"""),"Bimbingan dan Konseling") -> Bimbingan dan Konseling | J13: =IFERROR(__xludf.DUMMYFUNCTION("""COMPUTED_VALUE"""),"PPG Prajabatan Gelombang 1 Tahun 2023") -> PPG Prajabatan Gelombang 1 Tahun 2023 | K13: =IFERROR(__xludf.DUMMYFUNCTION("""COMPUTED_VALUE"""),2024.0) -> 2024 | L13: =IFERROR(__xludf.DUMMYFUNCTION("""COMPUTED_VALUE"""),"3,65") -> 3,65 | M13: =IFERROR(__xludf.DUMMYFUNCTION("""COMPUTED_VALUE"""),"3,68") -> 3,68 | N13: =IFERROR(__xludf.DUMMYFUNCTION("""COMPUTED_VALUE"""),"Kota Surakarta, Jawa Tengah") -> Kota Surakarta, Jawa Tengah | O13: =IFERROR(__xludf.DUMMYFUNCTION("""COMPUTED_VALUE"""),"Tidak") -> Tidak | P13: =IFERROR(__xludf.DUMMYFUNCTION("""COMPUTED_VALUE"""),"Tenaga pendampingan pembelajaran mata Pelajaran Bimbingan dan Konseling") -> Tenaga pendampingan pembelajaran mata Pelajaran Bimbingan dan Konseling | Q13: =IFERROR(__xludf.DUMMYFUNCTION("""COMPUTED_VALUE"""),"Kabupaten Jepara, Jawa Tengah") -> Kabupaten Jepara, Jawa Tengah | R13: =IFERROR(__xludf.DUMMYFUNCTION("""COMPUTED_VALUE"""),"https://drive.google.com/drive/folders/11lA10UXXoYhzvsfhUICgbtGtbGv8eSte") -> https://drive.google.com/drive/folders/11lA10UXXoYhzvsfhUICgbtGtbGv8eSte | S13: =IFERROR(__xludf.DUMMYFUNCTION("""COMPUTED_VALUE"""),"https://drive.google.com/drive/folders/11lA10UXXoYhzvsfhUICgbtGtbGv8eSte") -> https://drive.google.com/drive/folders/11lA10UXXoYhzvsfhUICgbtGtbGv8eSte | T13: =IFERROR(__xludf.DUMMYFUNCTION("""COMPUTED_VALUE"""),"Alumni PPG Calon Guru / Prajabatan FKIP UNS") -> Alumni PPG Calon Guru / Prajabatan FKIP UNS | U13: =IFERROR(__xludf.DUMMYFUNCTION("""COMPUTED_VALUE"""),"X902308141") -> X902308141 | V13: =IFERROR(__xludf.DUMMYFUNCTION("""COMPUTED_VALUE"""),"K3118009") -> K3118009 | W13: =IFERROR(__xludf.DUMMYFUNCTION("""COMPUTED_VALUE"""),"Bimbingan dan konseling") -> Bimbingan dan konseling | X13: =IFERROR(__xludf.DUMMYFUNCTION("""COMPUTED_VALUE"""),"Uns") -> Uns | Y13: =IFERROR(__xludf.DUMMYFUNCTION("""COMPUTED_VALUE"""),"-") -> -
A14: =IFERROR(__xludf.DUMMYFUNCTION("""COMPUTED_VALUE"""),46230.31127060185) -> 46230.311 | B14: =IFERROR(__xludf.DUMMYFUNCTION("""COMPUTED_VALUE"""),"thaariqholland@student.uns.ac.id") -> thaariqholland@student.uns.ac.id | C14: =IFERROR(__xludf.DUMMYFUNCTION("""COMPUTED_VALUE"""),"Muhammad Ath Thaariq Aziizi, S.Pd, Gr.") -> Muhammad Ath Thaariq Aziizi, S.Pd, Gr. | D14: =IFERROR(__xludf.DUMMYFUNCTION("""COMPUTED_VALUE"""),7.000287279E9) -> 7000287279 | E14: =IFERROR(__xludf.DUMMYFUNCTION("""COMPUTED_VALUE"""),"6281357514433") -> 6281357514433 | F14: =IFERROR(__xludf.DUMMYFUNCTION("""COMPUTED_VALUE"""),36644.0) -> 36644 | G14: =IFERROR(__xludf.DUMMYFUNCTION("""COMPUTED_VALUE"""),"S-1 Pendidikan Sejarah") -> S-1 Pendidikan Sejarah | H14: =IFERROR(__xludf.DUMMYFUNCTION("""COMPUTED_VALUE"""),"Universitas Sebelas Maret") -> Universitas Sebelas Maret | I14: =IFERROR(__xludf.DUMMYFUNCTION("""COMPUTED_VALUE"""),"Sejarah") -> Sejarah | J14: =IFERROR(__xludf.DUMMYFUNCTION("""COMPUTED_VALUE"""),"PPG Calon Guru Gelombang 2 Tahun 2024") -> PPG Calon Guru Gelombang 2 Tahun 2024 | K14: =IFERROR(__xludf.DUMMYFUNCTION("""COMPUTED_VALUE"""),2025.0) -> 2025 | L14: =IFERROR(__xludf.DUMMYFUNCTION("""COMPUTED_VALUE"""),"3.69") -> 3.69 | M14: =IFERROR(__xludf.DUMMYFUNCTION("""COMPUTED_VALUE"""),"3.84") -> 3.84 | N14: =IFERROR(__xludf.DUMMYFUNCTION("""COMPUTED_VALUE"""),"Kabupaten Karanganyar, Jawa Tengah") -> Kabupaten Karanganyar, Jawa Tengah | O14: =IFERROR(__xludf.DUMMYFUNCTION("""COMPUTED_VALUE"""),"Tidak") -> Tidak | P14: =IFERROR(__xludf.DUMMYFUNCTION("""COMPUTED_VALUE"""),"Tenaga pendampingan pembelajaran mata Pelajaran Ilmu Pengetahuan Sosial (IPS) untuk mengajar mata pelajaran Sosiologi, Ekonomi, Geografi, dan Sejarah") -> Tenaga pendampingan pembelajaran mata Pelajaran Ilmu Pengetahuan Sosial (IPS) untuk mengajar mata pelajaran Sosiologi, Ekonomi, Geografi, dan Sejarah | Q14: =IFERROR(__xludf.DUMMYFUNCTION("""COMPUTED_VALUE"""),"Kabupaten Jepara, Jawa Tengah") -> Kabupaten Jepara, Jawa Tengah | R14: =IFERROR(__xludf.DUMMYFUNCTION("""COMPUTED_VALUE"""),"https://uns.id/sertifpendidikanthaariq") -> https://uns.id/sertifpendidikanthaariq | S14: =IFERROR(__xludf.DUMMYFUNCTION("""COMPUTED_VALUE"""),"https://uns.id/veditukinthaariq") -> https://uns.id/veditukinthaariq | T14: =IFERROR(__xludf.DUMMYFUNCTION("""COMPUTED_VALUE"""),"Alumni PPG Calon Guru / Prajabatan FKIP UNS") -> Alumni PPG Calon Guru / Prajabatan FKIP UNS | U14: =IFERROR(__xludf.DUMMYFUNCTION("""COMPUTED_VALUE"""),"X942408310") -> X942408310 | V14: =IFERROR(__xludf.DUMMYFUNCTION("""COMPUTED_VALUE"""),"K4419061") -> K4419061 | W14: =IFERROR(__xludf.DUMMYFUNCTION("""COMPUTED_VALUE"""),"Pendidikan Sejarah") -> Pendidikan Sejarah | X14: =IFERROR(__xludf.DUMMYFUNCTION("""COMPUTED_VALUE"""),"Fakultas Ilmu Pendidikan dan Keguruan Universitas Sebelas Maret") -> Fakultas Ilmu Pendidikan dan Keguruan Universitas Sebelas Maret | Y14: =IFERROR(__xludf.DUMMYFUNCTION("""COMPUTED_VALUE"""),"-") -> -
A15: =IFERROR(__xludf.DUMMYFUNCTION("""COMPUTED_VALUE"""),46232.40315420139) -> 46232.403 | B15: =IFERROR(__xludf.DUMMYFUNCTION("""COMPUTED_VALUE"""),"parifunm@gmail.com") -> parifunm@gmail.com | C15: =IFERROR(__xludf.DUMMYFUNCTION("""COMPUTED_VALUE"""),"Parif, S.Pd., Gr.") -> Parif, S.Pd., Gr. | D15: =IFERROR(__xludf.DUMMYFUNCTION("""COMPUTED_VALUE"""),7.000193855E9) -> 7000193855 | E15: =IFERROR(__xludf.DUMMYFUNCTION("""COMPUTED_VALUE"""),"085340567074") -> 085340567074 | F15: =IFERROR(__xludf.DUMMYFUNCTION("""COMPUTED_VALUE"""),36830.0) -> 36830 | G15: =IFERROR(__xludf.DUMMYFUNCTION("""COMPUTED_VALUE"""),"Pendidikan Akuntansi") -> Pendidikan Akuntansi | H15: =IFERROR(__xludf.DUMMYFUNCTION("""COMPUTED_VALUE"""),"Universitas Negeri Makassar") -> Universitas Negeri Makassar | I15: =IFERROR(__xludf.DUMMYFUNCTION("""COMPUTED_VALUE"""),"Akuntansi dan Keuangan") -> Akuntansi dan Keuangan | J15: =IFERROR(__xludf.DUMMYFUNCTION("""COMPUTED_VALUE"""),"PPG Calon Guru Gelombang 2 Tahun 2024") -> PPG Calon Guru Gelombang 2 Tahun 2024 | K15: =IFERROR(__xludf.DUMMYFUNCTION("""COMPUTED_VALUE"""),2025.0) -> 2025 | L15: =IFERROR(__xludf.DUMMYFUNCTION("""COMPUTED_VALUE"""),"3.63") -> 3.63 | M15: =IFERROR(__xludf.DUMMYFUNCTION("""COMPUTED_VALUE"""),"3.95") -> 3.95 | N15: =IFERROR(__xludf.DUMMYFUNCTION("""COMPUTED_VALUE"""),"Kabupaten Maros") -> Kabupaten Maros | O15: =IFERROR(__xludf.DUMMYFUNCTION("""COMPUTED_VALUE"""),"Tidak") -> Tidak | P15: =IFERROR(__xludf.DUMMYFUNCTION("""COMPUTED_VALUE"""),"Tenaga pendampingan pembelajaran mata Pelajaran Ilmu Pengetahuan Sosial (IPS) untuk mengajar mata pelajaran Sosiologi, Ekonomi, Geografi, dan Sejarah") -> Tenaga pendampingan pembelajaran mata Pelajaran Ilmu Pengetahuan Sosial (IPS) untuk mengajar mata pelajaran Sosiologi, Ekonomi, Geografi, dan Sejarah | Q15: =IFERROR(__xludf.DUMMYFUNCTION("""COMPUTED_VALUE"""),"Kabupaten Buton Tengah, Sulawesi Tenggara") -> Kabupaten Buton Tengah, Sulawesi Tenggara | R15: =IFERROR(__xludf.DUMMYFUNCTION("""COMPUTED_VALUE"""),"-") -> - | S15: =IFERROR(__xludf.DUMMYFUNCTION("""COMPUTED_VALUE"""),"https://drive.google.com/drive/folders/1GuUofoo8Ml4RxgfNRLC35L22Cqhy-kvo?usp=drive_link") -> https://drive.google.com/drive/folders/1GuUofoo8Ml4RxgfNRLC35L22Cqhy-kvo?usp=drive_link | T15: =IFERROR(__xludf.DUMMYFUNCTION("""COMPUTED_VALUE"""),"Alumni PPG Calon Guru / Prajabatan FKIP UNS") -> Alumni PPG Calon Guru / Prajabatan FKIP UNS | U15: =IFERROR(__xludf.DUMMYFUNCTION("""COMPUTED_VALUE"""),"X942408364") -> X942408364 | V15: =IFERROR(__xludf.DUMMYFUNCTION("""COMPUTED_VALUE"""),"1892041011") -> 1892041011 | W15: =IFERROR(__xludf.DUMMYFUNCTION("""COMPUTED_VALUE"""),"Pendidikan Akuntansi") -> Pendidikan Akuntansi | X15: =IFERROR(__xludf.DUMMYFUNCTION("""COMPUTED_VALUE"""),"Universitas Negeri Makassar") -> Universitas Negeri Makassar | Y15: =IFERROR(__xludf.DUMMYFUNCTION("""COMPUTED_VALUE"""),"X942408364") -> X942408364
A16: =IFERROR(__xludf.DUMMYFUNCTION("""COMPUTED_VALUE"""),46231.63336821759) -> 46231.633 | B16: =IFERROR(__xludf.DUMMYFUNCTION("""COMPUTED_VALUE"""),"nuningwijayanti248@gmail.com") -> nuningwijayanti248@gmail.com | C16: =IFERROR(__xludf.DUMMYFUNCTION("""COMPUTED_VALUE"""),"Nuning Wijayanti, S.Pd., Gr.") -> Nuning Wijayanti, S.Pd., Gr. | D16: =IFERROR(__xludf.DUMMYFUNCTION("""COMPUTED_VALUE"""),7.000180386E9) -> 7000180386 | E16: =IFERROR(__xludf.DUMMYFUNCTION("""COMPUTED_VALUE"""),"082323953038") -> 082323953038 | F16: =IFERROR(__xludf.DUMMYFUNCTION("""COMPUTED_VALUE"""),37225.0) -> 37225 | G16: =IFERROR(__xludf.DUMMYFUNCTION("""COMPUTED_VALUE"""),"S1 Pendidikan Bahasa dan Sastra Indonesia") -> S1 Pendidikan Bahasa dan Sastra Indonesia | H16: =IFERROR(__xludf.DUMMYFUNCTION("""COMPUTED_VALUE"""),"Universitas Tidar") -> Universitas Tidar | I16: =IFERROR(__xludf.DUMMYFUNCTION("""COMPUTED_VALUE"""),"Bahasa Indonesia") -> Bahasa Indonesia | J16: =IFERROR(__xludf.DUMMYFUNCTION("""COMPUTED_VALUE"""),"PPG Prajabatan Gelombang 2 Tahun 2023") -> PPG Prajabatan Gelombang 2 Tahun 2023 | K16: =IFERROR(__xludf.DUMMYFUNCTION("""COMPUTED_VALUE"""),2024.0) -> 2024 | L16: =IFERROR(__xludf.DUMMYFUNCTION("""COMPUTED_VALUE"""),"3,67") -> 3,67 | M16: =IFERROR(__xludf.DUMMYFUNCTION("""COMPUTED_VALUE"""),"3,73") -> 3,73 | N16: =IFERROR(__xludf.DUMMYFUNCTION("""COMPUTED_VALUE"""),"Boyolali, Jawa Tengah") -> Boyolali, Jawa Tengah | O16: =IFERROR(__xludf.DUMMYFUNCTION("""COMPUTED_VALUE"""),"Tidak") -> Tidak | P16: =IFERROR(__xludf.DUMMYFUNCTION("""COMPUTED_VALUE"""),"Tenaga pendampingan pembelajaran mata Pelajaran Bahasa Indonesia") -> Tenaga pendampingan pembelajaran mata Pelajaran Bahasa Indonesia | Q16: =IFERROR(__xludf.DUMMYFUNCTION("""COMPUTED_VALUE"""),"Kabupaten Jepara, Jawa Tengah") -> Kabupaten Jepara, Jawa Tengah | R16: =IFERROR(__xludf.DUMMYFUNCTION("""COMPUTED_VALUE"""),"https://drive.google.com/drive/folders/1PUlPUxJ9ULoWvGmLXEt0GU-YNtECwhXO") -> https://drive.google.com/drive/folders/1PUlPUxJ9ULoWvGmLXEt0GU-YNtECwhXO | S16: =IFERROR(__xludf.DUMMYFUNCTION("""COMPUTED_VALUE"""),"https://drive.google.com/drive/folders/1cJkn_IoYOOXnOYMya1m1-G4ZZwiFqF5_") -> https://drive.google.com/drive/folders/1cJkn_IoYOOXnOYMya1m1-G4ZZwiFqF5_ | T16: =IFERROR(__xludf.DUMMYFUNCTION("""COMPUTED_VALUE"""),"Alumni PPG Calon Guru / Prajabatan FKIP UNS") -> Alumni PPG Calon Guru / Prajabatan FKIP UNS | U16: =IFERROR(__xludf.DUMMYFUNCTION("""COMPUTED_VALUE"""),"X9023083681") -> X9023083681 | V16: =IFERROR(__xludf.DUMMYFUNCTION("""COMPUTED_VALUE"""),"1910301058") -> 1910301058 | W16: =IFERROR(__xludf.DUMMYFUNCTION("""COMPUTED_VALUE"""),"Pendidikan Bahasa dan Sastra Indonesia") -> Pendidikan Bahasa dan Sastra Indonesia | X16: =IFERROR(__xludf.DUMMYFUNCTION("""COMPUTED_VALUE"""),"Universitas Sebelas Maret ") -> Universitas Sebelas Maret | Y16: =IFERROR(__xludf.DUMMYFUNCTION("""COMPUTED_VALUE"""),"X9023083681") -> X9023083681
A17: =IFERROR(__xludf.DUMMYFUNCTION("""COMPUTED_VALUE"""),46231.740353483794) -> 46231.74 | B17: =IFERROR(__xludf.DUMMYFUNCTION("""COMPUTED_VALUE"""),"ayum9003@gmail.com") -> ayum9003@gmail.com | C17: =IFERROR(__xludf.DUMMYFUNCTION("""COMPUTED_VALUE"""),"Mita Ayu Wulandari. S.Pd.") -> Mita Ayu Wulandari. S.Pd. | D17: =IFERROR(__xludf.DUMMYFUNCTION("""COMPUTED_VALUE"""),7.000115177E9) -> 7000115177 | E17: =IFERROR(__xludf.DUMMYFUNCTION("""COMPUTED_VALUE"""),"085238383337") -> 085238383337 | F17: =IFERROR(__xludf.DUMMYFUNCTION("""COMPUTED_VALUE"""),35061.0) -> 35061 | G17: =IFERROR(__xludf.DUMMYFUNCTION("""COMPUTED_VALUE"""),"Pendidikan Bahasa dan Sastra Indonesia ") -> Pendidikan Bahasa dan Sastra Indonesia | H17: =IFERROR(__xludf.DUMMYFUNCTION("""COMPUTED_VALUE"""),"Universitas Halu Oleo") -> Universitas Halu Oleo | I17: =IFERROR(__xludf.DUMMYFUNCTION("""COMPUTED_VALUE"""),"Bahasa Indonesia") -> Bahasa Indonesia | J17: =IFERROR(__xludf.DUMMYFUNCTION("""COMPUTED_VALUE"""),"PPG Prajabatan Gelombang 1 Tahun 2023") -> PPG Prajabatan Gelombang 1 Tahun 2023 | K17: =IFERROR(__xludf.DUMMYFUNCTION("""COMPUTED_VALUE"""),2024.0) -> 2024 | L17: =IFERROR(__xludf.DUMMYFUNCTION("""COMPUTED_VALUE"""),"3.38") -> 3.38 | M17: =IFERROR(__xludf.DUMMYFUNCTION("""COMPUTED_VALUE"""),"4.00") -> 4.00 | N17: =IFERROR(__xludf.DUMMYFUNCTION("""COMPUTED_VALUE"""),"Kota Kendari, Sulawesi Tenggara") -> Kota Kendari, Sulawesi Tenggara | O17: =IFERROR(__xludf.DUMMYFUNCTION("""COMPUTED_VALUE"""),"Tidak") -> Tidak | P17: =IFERROR(__xludf.DUMMYFUNCTION("""COMPUTED_VALUE"""),"Tenaga pendampingan pembelajaran mata Pelajaran Bahasa Indonesia") -> Tenaga pendampingan pembelajaran mata Pelajaran Bahasa Indonesia | Q17: =IFERROR(__xludf.DUMMYFUNCTION("""COMPUTED_VALUE"""),"Kabupaten Buton Tengah, Sulawesi Tenggara") -> Kabupaten Buton Tengah, Sulawesi Tenggara | R17: =IFERROR(__xludf.DUMMYFUNCTION("""COMPUTED_VALUE"""),"https://drive.google.com/drive/folders/12b_894tcCUKoJy5WHk7I7pof-VbaAG9v?usp=sharing") -> https://drive.google.com/drive/folders/12b_894tcCUKoJy5WHk7I7pof-VbaAG9v?usp=sharing | S17: =IFERROR(__xludf.DUMMYFUNCTION("""COMPUTED_VALUE"""),"https://drive.google.com/file/d/16I25Hub_4HCCCCFxaPj0dOUzgE7zysB3/view?usp=sharing") -> https://drive.google.com/file/d/16I25Hub_4HCCCCFxaPj0dOUzgE7zysB3/view?usp=sharing | T17: =IFERROR(__xludf.DUMMYFUNCTION("""COMPUTED_VALUE"""),"Alumni PPG Calon Guru / Prajabatan FKIP UHO") -> Alumni PPG Calon Guru / Prajabatan FKIP UHO | Y17: =IFERROR(__xludf.DUMMYFUNCTION("""COMPUTED_VALUE"""),"A3S223077") -> A3S223077
A18: =IFERROR(__xludf.DUMMYFUNCTION("""COMPUTED_VALUE"""),46230.79670269675) -> 46230.797 | B18: =IFERROR(__xludf.DUMMYFUNCTION("""COMPUTED_VALUE"""),"whhanatthahiraha8@gmail.com") -> whhanatthahiraha8@gmail.com | C18: =IFERROR(__xludf.DUMMYFUNCTION("""COMPUTED_VALUE"""),"WH. HANAT THAHIRAH A., S.Pd, Gr.") -> WH. HANAT THAHIRAH A., S.Pd, Gr. | E18: =IFERROR(__xludf.DUMMYFUNCTION("""COMPUTED_VALUE"""),"082355139889") -> 082355139889 | F18: =IFERROR(__xludf.DUMMYFUNCTION("""COMPUTED_VALUE"""),37031.0) -> 37031 | G18: =IFERROR(__xludf.DUMMYFUNCTION("""COMPUTED_VALUE"""),"Pendidikan Biologi") -> Pendidikan Biologi | H18: =IFERROR(__xludf.DUMMYFUNCTION("""COMPUTED_VALUE"""),"Universitas Halu Oleo") -> Universitas Halu Oleo | I18: =IFERROR(__xludf.DUMMYFUNCTION("""COMPUTED_VALUE"""),"Pendidikan Guru Sekolah Dasar (PGSD)") -> Pendidikan Guru Sekolah Dasar (PGSD) | J18: =IFERROR(__xludf.DUMMYFUNCTION("""COMPUTED_VALUE"""),"PPG Calon Guru Gelombang 2 Tahun 2024") -> PPG Calon Guru Gelombang 2 Tahun 2024 | K18: =IFERROR(__xludf.DUMMYFUNCTION("""COMPUTED_VALUE"""),2025.0) -> 2025 | L18: =IFERROR(__xludf.DUMMYFUNCTION("""COMPUTED_VALUE"""),"3.42") -> 3.42 | M18: =IFERROR(__xludf.DUMMYFUNCTION("""COMPUTED_VALUE"""),"4.00") -> 4.00 | N18: =IFERROR(__xludf.DUMMYFUNCTION("""COMPUTED_VALUE"""),"Kota Kendari, Sulawesi Tenggara") -> Kota Kendari, Sulawesi Tenggara | O18: =IFERROR(__xludf.DUMMYFUNCTION("""COMPUTED_VALUE"""),"Tidak") -> Tidak | P18: =IFERROR(__xludf.DUMMYFUNCTION("""COMPUTED_VALUE"""),"Tenaga pendampingan pembelajaran mata Pelajaran Ilmu Pengetahuan Alam (IPA) untuk mengajar mata pelajaran Biologi, Kimia, Fisika") -> Tenaga pendampingan pembelajaran mata Pelajaran Ilmu Pengetahuan Alam (IPA) untuk mengajar mata pelajaran Biologi, Kimia, Fisika | Q18: =IFERROR(__xludf.DUMMYFUNCTION("""COMPUTED_VALUE"""),"Kabupaten Buton Tengah, Sulawesi Tenggara") -> Kabupaten Buton Tengah, Sulawesi Tenggara | R18: =IFERROR(__xludf.DUMMYFUNCTION("""COMPUTED_VALUE"""),"https://drive.google.com/folderview?id=1-H0dgyCTkBx1Sx2sbwB_7BZN52kyclaR") -> https://drive.google.com/folderview?id=1-H0dgyCTkBx1Sx2sbwB_7BZN52kyclaR | S18: =IFERROR(__xludf.DUMMYFUNCTION("""COMPUTED_VALUE"""),"https://drive.google.com/folderview?id=1-GJrqYOfO4bnWQzG1X4FXH_EjpFWvBSi") -> https://drive.google.com/folderview?id=1-GJrqYOfO4bnWQzG1X4FXH_EjpFWvBSi | T18: =IFERROR(__xludf.DUMMYFUNCTION("""COMPUTED_VALUE"""),"Alumni PPG Calon Guru / Prajabatan FKIP UHO") -> Alumni PPG Calon Guru / Prajabatan FKIP UHO | Y18: =IFERROR(__xludf.DUMMYFUNCTION("""COMPUTED_VALUE"""),"A3S224310") -> A3S224310
A19: =IFERROR(__xludf.DUMMYFUNCTION("""COMPUTED_VALUE"""),46230.88597214121) -> 46230.886 | B19: =IFERROR(__xludf.DUMMYFUNCTION("""COMPUTED_VALUE"""),"azizahfajriatul@gmail.com") -> azizahfajriatul@gmail.com | C19: =IFERROR(__xludf.DUMMYFUNCTION("""COMPUTED_VALUE"""),"Fajriatul 'Azizah") -> Fajriatul 'Azizah | D19: =IFERROR(__xludf.DUMMYFUNCTION("""COMPUTED_VALUE"""),7.000058324E9) -> 7000058324 | E19: =IFERROR(__xludf.DUMMYFUNCTION("""COMPUTED_VALUE"""),"085743571470") -> 085743571470 | F19: =IFERROR(__xludf.DUMMYFUNCTION("""COMPUTED_VALUE"""),34712.0) -> 34712 | G19: =IFERROR(__xludf.DUMMYFUNCTION("""COMPUTED_VALUE"""),"Akuntansi") -> Akuntansi | H19: =IFERROR(__xludf.DUMMYFUNCTION("""COMPUTED_VALUE"""),"Universitas Muhammadiyah Magelang") -> Universitas Muhammadiyah Magelang | I19: =IFERROR(__xludf.DUMMYFUNCTION("""COMPUTED_VALUE"""),"Akuntansi dan Keuangan") -> Akuntansi dan Keuangan | J19: =IFERROR(__xludf.DUMMYFUNCTION("""COMPUTED_VALUE"""),"PPG Calon Guru Gelombang 2 Tahun 2024") -> PPG Calon Guru Gelombang 2 Tahun 2024 | K19: =IFERROR(__xludf.DUMMYFUNCTION("""COMPUTED_VALUE"""),2025.0) -> 2025 | L19: =IFERROR(__xludf.DUMMYFUNCTION("""COMPUTED_VALUE"""),"3.82") -> 3.82 | M19: =IFERROR(__xludf.DUMMYFUNCTION("""COMPUTED_VALUE"""),"3.98") -> 3.98 | N19: =IFERROR(__xludf.DUMMYFUNCTION("""COMPUTED_VALUE"""),"Kabupaten Magelang") -> Kabupaten Magelang | O19: =IFERROR(__xludf.DUMMYFUNCTION("""COMPUTED_VALUE"""),"Tidak") -> Tidak | P19: =IFERROR(__xludf.DUMMYFUNCTION("""COMPUTED_VALUE"""),"Tenaga pendampingan pembelajaran mata Pelajaran Ilmu Pengetahuan Sosial (IPS) untuk mengajar mata pelajaran Sosiologi, Ekonomi, Geografi, dan Sejarah") -> Tenaga pendampingan pembelajaran mata Pelajaran Ilmu Pengetahuan Sosial (IPS) untuk mengajar mata pelajaran Sosiologi, Ekonomi, Geografi, dan Sejarah | Q19: =IFERROR(__xludf.DUMMYFUNCTION("""COMPUTED_VALUE"""),"Kabupaten Jepara, Jawa Tengah") -> Kabupaten Jepara, Jawa Tengah | R19: =IFERROR(__xludf.DUMMYFUNCTION("""COMPUTED_VALUE"""),"https://drive.google.com/drive/folders/1m91u-ixafYRtV4PP1DwSgpzZITA4pMTK?usp=sharing") -> https://drive.google.com/drive/folders/1m91u-ixafYRtV4PP1DwSgpzZITA4pMTK?usp=sharing | S19: =IFERROR(__xludf.DUMMYFUNCTION("""COMPUTED_VALUE"""),"https://drive.google.com/file/d/1ZM2qaVqkQD-_tnv9zBhxAM7nrL9WyS0c/view?usp=drive_link") -> https://drive.google.com/file/d/1ZM2qaVqkQD-_tnv9zBhxAM7nrL9WyS0c/view?usp=drive_link | T19: =IFERROR(__xludf.DUMMYFUNCTION("""COMPUTED_VALUE"""),"Alumni PPG Calon Guru / Prajabatan FKIP UNS") -> Alumni PPG Calon Guru / Prajabatan FKIP UNS | U19: =IFERROR(__xludf.DUMMYFUNCTION("""COMPUTED_VALUE"""),"X942408172") -> X942408172 | V19: =IFERROR(__xludf.DUMMYFUNCTION("""COMPUTED_VALUE"""),"1601020011") -> 1601020011 | W19: =IFERROR(__xludf.DUMMYFUNCTION("""COMPUTED_VALUE"""),"Akuntansi") -> Akuntansi | X19: =IFERROR(__xludf.DUMMYFUNCTION("""COMPUTED_VALUE"""),"Universitas Sebelas Maret") -> Universitas Sebelas Maret | Y19: =IFERROR(__xludf.DUMMYFUNCTION("""COMPUTED_VALUE"""),"X942408172") -> X942408172
A20: =IFERROR(__xludf.DUMMYFUNCTION("""COMPUTED_VALUE"""),46230.89981366898) -> 46230.9 | B20: =IFERROR(__xludf.DUMMYFUNCTION("""COMPUTED_VALUE"""),"afrilianto@student.uns.ac.id") -> afrilianto@student.uns.ac.id | C20: =IFERROR(__xludf.DUMMYFUNCTION("""COMPUTED_VALUE"""),"Afri Lianto, S.Pd., Gr.") -> Afri Lianto, S.Pd., Gr. | D20: =IFERROR(__xludf.DUMMYFUNCTION("""COMPUTED_VALUE"""),7.000158269E9) -> 7000158269 | E20: =IFERROR(__xludf.DUMMYFUNCTION("""COMPUTED_VALUE"""),"085740702984") -> 085740702984 | F20: =IFERROR(__xludf.DUMMYFUNCTION("""COMPUTED_VALUE"""),36262.0) -> 36262 | G20: =IFERROR(__xludf.DUMMYFUNCTION("""COMPUTED_VALUE"""),"S-1") -> S-1 | H20: =IFERROR(__xludf.DUMMYFUNCTION("""COMPUTED_VALUE"""),"Universitas Negeri Yogyakarta") -> Universitas Negeri Yogyakarta | I20: =IFERROR(__xludf.DUMMYFUNCTION("""COMPUTED_VALUE"""),"Pendidikan Jasmani, Olahraga, dan Kesehatan (PJOK)") -> Pendidikan Jasmani, Olahraga, dan Kesehatan (PJOK) | J20: =IFERROR(__xludf.DUMMYFUNCTION("""COMPUTED_VALUE"""),"PPG Prajabatan Gelombang 1 Tahun 2023") -> PPG Prajabatan Gelombang 1 Tahun 2023 | K20: =IFERROR(__xludf.DUMMYFUNCTION("""COMPUTED_VALUE"""),2024.0) -> 2024 | L20: =IFERROR(__xludf.DUMMYFUNCTION("""COMPUTED_VALUE"""),"3.55") -> 3.55 | M20: =IFERROR(__xludf.DUMMYFUNCTION("""COMPUTED_VALUE"""),"3.98") -> 3.98 | N20: =IFERROR(__xludf.DUMMYFUNCTION("""COMPUTED_VALUE"""),"Desa Krenceng, Rt 02 Rw 01 Kec.Kejobong, Kab.Purbingga, Jawa Tengah") -> Desa Krenceng, Rt 02 Rw 01 Kec.Kejobong, Kab.Purbingga, Jawa Tengah | O20: =IFERROR(__xludf.DUMMYFUNCTION("""COMPUTED_VALUE"""),"Tidak") -> Tidak | P20: =IFERROR(__xludf.DUMMYFUNCTION("""COMPUTED_VALUE"""),"Tenaga pendampingan pembelajaran mata Pelajaran Penjasorkes") -> Tenaga pendampingan pembelajaran mata Pelajaran Penjasorkes | Q20: =IFERROR(__xludf.DUMMYFUNCTION("""COMPUTED_VALUE"""),"Kabupaten Jepara, Jawa Tengah") -> Kabupaten Jepara, Jawa Tengah | R20: =IFERROR(__xludf.DUMMYFUNCTION("""COMPUTED_VALUE"""),"https://drive.google.com/drive/folders/1qirwr70MFDx3AkmSPCtOXtF91TmXq43v") -> https://drive.google.com/drive/folders/1qirwr70MFDx3AkmSPCtOXtF91TmXq43v | S20: =IFERROR(__xludf.DUMMYFUNCTION("""COMPUTED_VALUE"""),"https://drive.google.com/drive/folders/1PzS9P01UHo8ahunVVv6jD4ARfGViRjOG") -> https://drive.google.com/drive/folders/1PzS9P01UHo8ahunVVv6jD4ARfGViRjOG | T20: =IFERROR(__xludf.DUMMYFUNCTION("""COMPUTED_VALUE"""),"Alumni PPG Calon Guru / Prajabatan FKIP UNS") -> Alumni PPG Calon Guru / Prajabatan FKIP UNS | U20: =IFERROR(__xludf.DUMMYFUNCTION("""COMPUTED_VALUE"""),"X902308022") -> X902308022 | V20: =IFERROR(__xludf.DUMMYFUNCTION("""COMPUTED_VALUE"""),"-") -> - | W20: =IFERROR(__xludf.DUMMYFUNCTION("""COMPUTED_VALUE"""),"-") -> - | X20: =IFERROR(__xludf.DUMMYFUNCTION("""COMPUTED_VALUE"""),"-") -> - | Y20: =IFERROR(__xludf.DUMMYFUNCTION("""COMPUTED_VALUE"""),"-") -> -
A21: =IFERROR(__xludf.DUMMYFUNCTION("""COMPUTED_VALUE"""),46230.948714479164) -> 46230.949 | B21: =IFERROR(__xludf.DUMMYFUNCTION("""COMPUTED_VALUE"""),"ppg.lailamuniroh92@program.belajar.id") -> ppg.lailamuniroh92@program.belajar.id | C21: =IFERROR(__xludf.DUMMYFUNCTION("""COMPUTED_VALUE"""),"Laila Magfirul Muniroh, S.Pd,. Gr") -> Laila Magfirul Muniroh, S.Pd,. Gr | D21: =IFERROR(__xludf.DUMMYFUNCTION("""COMPUTED_VALUE"""),7.000133033E9) -> 7000133033 | E21: =IFERROR(__xludf.DUMMYFUNCTION("""COMPUTED_VALUE"""),"082138175793") -> 082138175793 | F21: =IFERROR(__xludf.DUMMYFUNCTION("""COMPUTED_VALUE"""),36520.0) -> 36520 | G21: =IFERROR(__xludf.DUMMYFUNCTION("""COMPUTED_VALUE"""),"Pendidikan Sejarah") -> Pendidikan Sejarah | H21: =IFERROR(__xludf.DUMMYFUNCTION("""COMPUTED_VALUE"""),"Universitas Sebelas Maret") -> Universitas Sebelas Maret | I21: =IFERROR(__xludf.DUMMYFUNCTION("""COMPUTED_VALUE"""),"Sejarah") -> Sejarah | J21: =IFERROR(__xludf.DUMMYFUNCTION("""COMPUTED_VALUE"""),"PPG Prajabatan Gelombang 2 Tahun 2023") -> PPG Prajabatan Gelombang 2 Tahun 2023 | K21: =IFERROR(__xludf.DUMMYFUNCTION("""COMPUTED_VALUE"""),2024.0) -> 2024 | L21: =IFERROR(__xludf.DUMMYFUNCTION("""COMPUTED_VALUE"""),"3.71") -> 3.71 | M21: =IFERROR(__xludf.DUMMYFUNCTION("""COMPUTED_VALUE"""),"3.98") -> 3.98 | N21: =IFERROR(__xludf.DUMMYFUNCTION("""COMPUTED_VALUE"""),"Kota Surakarta, Jawa Tengah") -> Kota Surakarta, Jawa Tengah | O21: =IFERROR(__xludf.DUMMYFUNCTION("""COMPUTED_VALUE"""),"Tidak") -> Tidak | P21: =IFERROR(__xludf.DUMMYFUNCTION("""COMPUTED_VALUE"""),"Tenaga pendampingan pembelajaran mata Pelajaran Ilmu Pengetahuan Sosial (IPS) untuk mengajar mata pelajaran Sosiologi, Ekonomi, Geografi, dan Sejarah") -> Tenaga pendampingan pembelajaran mata Pelajaran Ilmu Pengetahuan Sosial (IPS) untuk mengajar mata pelajaran Sosiologi, Ekonomi, Geografi, dan Sejarah | Q21: =IFERROR(__xludf.DUMMYFUNCTION("""COMPUTED_VALUE"""),"Kabupaten Jepara, Jawa Tengah") -> Kabupaten Jepara, Jawa Tengah | R21: =IFERROR(__xludf.DUMMYFUNCTION("""COMPUTED_VALUE"""),"https://drive.google.com/drive/folders/1qtGqu3dQCug1Ta3kijfkP0VPhlHpTTpT?usp=drive_link") -> https://drive.google.com/drive/folders/1qtGqu3dQCug1Ta3kijfkP0VPhlHpTTpT?usp=drive_link | S21: =IFERROR(__xludf.DUMMYFUNCTION("""COMPUTED_VALUE"""),"https://drive.google.com/drive/folders/19wdv2SGiikjLmsRGeg6Us3PtGVYARdEH?usp=sharing") -> https://drive.google.com/drive/folders/19wdv2SGiikjLmsRGeg6Us3PtGVYARdEH?usp=sharing | T21: =IFERROR(__xludf.DUMMYFUNCTION("""COMPUTED_VALUE"""),"Alumni PPG Calon Guru / Prajabatan FKIP UNS") -> Alumni PPG Calon Guru / Prajabatan FKIP UNS | U21: =IFERROR(__xludf.DUMMYFUNCTION("""COMPUTED_VALUE"""),"X9023083600") -> X9023083600 | V21: =IFERROR(__xludf.DUMMYFUNCTION("""COMPUTED_VALUE"""),"K4418039") -> K4418039 | W21: =IFERROR(__xludf.DUMMYFUNCTION("""COMPUTED_VALUE"""),"Pendidikan Sejarah") -> Pendidikan Sejarah | X21: =IFERROR(__xludf.DUMMYFUNCTION("""COMPUTED_VALUE"""),"Universitas Sebelas Maret") -> Universitas Sebelas Maret | Y21: =IFERROR(__xludf.DUMMYFUNCTION("""COMPUTED_VALUE"""),"X9023083600") -> X9023083600
A22: =IFERROR(__xludf.DUMMYFUNCTION("""COMPUTED_VALUE"""),46231.161095115734) -> 46231.161 | B22: =IFERROR(__xludf.DUMMYFUNCTION("""COMPUTED_VALUE"""),"ppg.imronkamaludin02@program.belajar.id") -> ppg.imronkamaludin02@program.belajar.id | C22: =IFERROR(__xludf.DUMMYFUNCTION("""COMPUTED_VALUE"""),"Imron Arya Kamaludin, S.Pd., Gr.") -> Imron Arya Kamaludin, S.Pd., Gr. | D22: =IFERROR(__xludf.DUMMYFUNCTION("""COMPUTED_VALUE"""),7.00012434E9) -> 7000124340 | E22: =IFERROR(__xludf.DUMMYFUNCTION("""COMPUTED_VALUE"""),"085712992243") -> 085712992243 | F22: =IFERROR(__xludf.DUMMYFUNCTION("""COMPUTED_VALUE"""),36584.0) -> 36584 | G22: =IFERROR(__xludf.DUMMYFUNCTION("""COMPUTED_VALUE"""),"S1 Pendidikan Biologi") -> S1 Pendidikan Biologi | H22: =IFERROR(__xludf.DUMMYFUNCTION("""COMPUTED_VALUE"""),"Universitas Tidar") -> Universitas Tidar | I22: =IFERROR(__xludf.DUMMYFUNCTION("""COMPUTED_VALUE"""),"Ilmu Pengetahuan Alam (IPA)") -> Ilmu Pengetahuan Alam (IPA) | J22: =IFERROR(__xludf.DUMMYFUNCTION("""COMPUTED_VALUE"""),"PPG Prajabatan Gelombang 1 Tahun 2023") -> PPG Prajabatan Gelombang 1 Tahun 2023 | K22: =IFERROR(__xludf.DUMMYFUNCTION("""COMPUTED_VALUE"""),2024.0) -> 2024 | L22: =IFERROR(__xludf.DUMMYFUNCTION("""COMPUTED_VALUE"""),"3.63") -> 3.63 | M22: =IFERROR(__xludf.DUMMYFUNCTION("""COMPUTED_VALUE"""),"3.98") -> 3.98 | N22: =IFERROR(__xludf.DUMMYFUNCTION("""COMPUTED_VALUE"""),"Kabupaten Kebumen, Jawa Tengah") -> Kabupaten Kebumen, Jawa Tengah | O22: =IFERROR(__xludf.DUMMYFUNCTION("""COMPUTED_VALUE"""),"Tidak") -> Tidak | P22: =IFERROR(__xludf.DUMMYFUNCTION("""COMPUTED_VALUE"""),"Tenaga pendampingan pembelajaran mata Pelajaran Ilmu Pengetahuan Alam (IPA) untuk mengajar mata pelajaran Biologi, Kimia, Fisika") -> Tenaga pendampingan pembelajaran mata Pelajaran Ilmu Pengetahuan Alam (IPA) untuk mengajar mata pelajaran Biologi, Kimia, Fisika | Q22: =IFERROR(__xludf.DUMMYFUNCTION("""COMPUTED_VALUE"""),"Kabupaten Jepara, Jawa Tengah") -> Kabupaten Jepara, Jawa Tengah | R22: =IFERROR(__xludf.DUMMYFUNCTION("""COMPUTED_VALUE"""),"https://drive.google.com/drive/folders/1L5fpaS1ICiKr9JtvjgoxgIawdl_9z-EH?usp=sharing") -> https://drive.google.com/drive/folders/1L5fpaS1ICiKr9JtvjgoxgIawdl_9z-EH?usp=sharing | S22: =IFERROR(__xludf.DUMMYFUNCTION("""COMPUTED_VALUE"""),"https://drive.google.com/drive/folders/18L-lFRallenmFr2eSdMYor8T3gFby5iv?usp=sharing") -> https://drive.google.com/drive/folders/18L-lFRallenmFr2eSdMYor8T3gFby5iv?usp=sharing | T22: =IFERROR(__xludf.DUMMYFUNCTION("""COMPUTED_VALUE"""),"Alumni PPG Calon Guru / Prajabatan FKIP UNS") -> Alumni PPG Calon Guru / Prajabatan FKIP UNS | U22: =IFERROR(__xludf.DUMMYFUNCTION("""COMPUTED_VALUE"""),"X902308432") -> X902308432 | V22: =IFERROR(__xludf.DUMMYFUNCTION("""COMPUTED_VALUE"""),"-") -> - | W22: =IFERROR(__xludf.DUMMYFUNCTION("""COMPUTED_VALUE"""),"-") -> - | X22: =IFERROR(__xludf.DUMMYFUNCTION("""COMPUTED_VALUE"""),"-") -> - | Y22: =IFERROR(__xludf.DUMMYFUNCTION("""COMPUTED_VALUE"""),"-") -> -
A23: =IFERROR(__xludf.DUMMYFUNCTION("""COMPUTED_VALUE"""),46231.3670880787) -> 46231.367 | B23: =IFERROR(__xludf.DUMMYFUNCTION("""COMPUTED_VALUE"""),"rizqi.nurfitriani@student.uns.ac.id") -> rizqi.nurfitriani@student.uns.ac.id | C23: =IFERROR(__xludf.DUMMYFUNCTION("""COMPUTED_VALUE"""),"Rizqi Nur Fitriani ") -> Rizqi Nur Fitriani | D23: =IFERROR(__xludf.DUMMYFUNCTION("""COMPUTED_VALUE"""),7.000128901E9) -> 7000128901 | E23: =IFERROR(__xludf.DUMMYFUNCTION("""COMPUTED_VALUE"""),"082329681100") -> 082329681100 | F23: =IFERROR(__xludf.DUMMYFUNCTION("""COMPUTED_VALUE"""),36613.0) -> 36613 | G23: =IFERROR(__xludf.DUMMYFUNCTION("""COMPUTED_VALUE"""),"Pendidikan Fisika ") -> Pendidikan Fisika | H23: =IFERROR(__xludf.DUMMYFUNCTION("""COMPUTED_VALUE"""),"Universitas Sebelas Maret ") -> Universitas Sebelas Maret | I23: =IFERROR(__xludf.DUMMYFUNCTION("""COMPUTED_VALUE"""),"Ilmu Pengetahuan Alam (IPA)") -> Ilmu Pengetahuan Alam (IPA) | J23: =IFERROR(__xludf.DUMMYFUNCTION("""COMPUTED_VALUE"""),"PPG Prajabatan Gelombang 1 Tahun 2023") -> PPG Prajabatan Gelombang 1 Tahun 2023 | K23: =IFERROR(__xludf.DUMMYFUNCTION("""COMPUTED_VALUE"""),2024.0) -> 2024 | L23: =IFERROR(__xludf.DUMMYFUNCTION("""COMPUTED_VALUE"""),"3.62") -> 3.62 | M23: =IFERROR(__xludf.DUMMYFUNCTION("""COMPUTED_VALUE"""),"3.96") -> 3.96 | N23: =IFERROR(__xludf.DUMMYFUNCTION("""COMPUTED_VALUE"""),"Kabupaten Pati") -> Kabupaten Pati | O23: =IFERROR(__xludf.DUMMYFUNCTION("""COMPUTED_VALUE"""),"Tidak") -> Tidak | P23: =IFERROR(__xludf.DUMMYFUNCTION("""COMPUTED_VALUE"""),"Tenaga pendampingan pembelajaran mata Pelajaran Ilmu Pengetahuan Alam (IPA) untuk mengajar mata pelajaran Biologi, Kimia, Fisika") -> Tenaga pendampingan pembelajaran mata Pelajaran Ilmu Pengetahuan Alam (IPA) untuk mengajar mata pelajaran Biologi, Kimia, Fisika | Q23: =IFERROR(__xludf.DUMMYFUNCTION("""COMPUTED_VALUE"""),"Kabupaten Jepara, Jawa Tengah") -> Kabupaten Jepara, Jawa Tengah | R23: =IFERROR(__xludf.DUMMYFUNCTION("""COMPUTED_VALUE"""),"https://drive.google.com/drive/folders/13-I7mBQQA8ynEqdL74VxwPk3mvJOc4i4") -> https://drive.google.com/drive/folders/13-I7mBQQA8ynEqdL74VxwPk3mvJOc4i4 | S23: =IFERROR(__xludf.DUMMYFUNCTION("""COMPUTED_VALUE"""),"https://drive.google.com/drive/folders/1lbHZOdolmlsxx6yX2iLAARnS1OT7OdSP") -> https://drive.google.com/drive/folders/1lbHZOdolmlsxx6yX2iLAARnS1OT7OdSP | T23: =IFERROR(__xludf.DUMMYFUNCTION("""COMPUTED_VALUE"""),"Alumni PPG Calon Guru / Prajabatan FKIP UNS") -> Alumni PPG Calon Guru / Prajabatan FKIP UNS | U23: =IFERROR(__xludf.DUMMYFUNCTION("""COMPUTED_VALUE"""),"X902308789") -> X902308789 | V23: =IFERROR(__xludf.DUMMYFUNCTION("""COMPUTED_VALUE"""),"K2318059") -> K2318059 | W23: =IFERROR(__xludf.DUMMYFUNCTION("""COMPUTED_VALUE"""),"Pendidikan fisika") -> Pendidikan fisika | X23: =IFERROR(__xludf.DUMMYFUNCTION("""COMPUTED_VALUE"""),"UNS ") -> UNS | Y23: =IFERROR(__xludf.DUMMYFUNCTION("""COMPUTED_VALUE"""),"-") -> -
A24: =IFERROR(__xludf.DUMMYFUNCTION("""COMPUTED_VALUE"""),46231.4385213426) -> 46231.439 | B24: =IFERROR(__xludf.DUMMYFUNCTION("""COMPUTED_VALUE"""),"nilasafitri3@gmail.com") -> nilasafitri3@gmail.com | C24: =IFERROR(__xludf.DUMMYFUNCTION("""COMPUTED_VALUE"""),"Nila Safitri, S.Pd., Gr.") -> Nila Safitri, S.Pd., Gr. | D24: =IFERROR(__xludf.DUMMYFUNCTION("""COMPUTED_VALUE"""),7.000130658E9) -> 7000130658 | E24: =IFERROR(__xludf.DUMMYFUNCTION("""COMPUTED_VALUE"""),"082324551642") -> 082324551642 | F24: =IFERROR(__xludf.DUMMYFUNCTION("""COMPUTED_VALUE"""),36237.0) -> 36237 | G24: =IFERROR(__xludf.DUMMYFUNCTION("""COMPUTED_VALUE"""),"Pendidikan Bahasa Jawa ") -> Pendidikan Bahasa Jawa | H24: =IFERROR(__xludf.DUMMYFUNCTION("""COMPUTED_VALUE"""),"UNIVERSITAS SEBELAS MARET") -> UNIVERSITAS SEBELAS MARET | I24: =IFERROR(__xludf.DUMMYFUNCTION("""COMPUTED_VALUE"""),"Bahasa Jawa") -> Bahasa Jawa | J24: =IFERROR(__xludf.DUMMYFUNCTION("""COMPUTED_VALUE"""),"PPG Prajabatan Gelombang 1 Tahun 2023") -> PPG Prajabatan Gelombang 1 Tahun 2023 | K24: =IFERROR(__xludf.DUMMYFUNCTION("""COMPUTED_VALUE"""),2024.0) -> 2024 | L24: =IFERROR(__xludf.DUMMYFUNCTION("""COMPUTED_VALUE"""),"3.74") -> 3.74 | M24: =IFERROR(__xludf.DUMMYFUNCTION("""COMPUTED_VALUE"""),"4.00") -> 4.00 | N24: =IFERROR(__xludf.DUMMYFUNCTION("""COMPUTED_VALUE"""),"Karanganyar, Jawa Tengah") -> Karanganyar, Jawa Tengah | O24: =IFERROR(__xludf.DUMMYFUNCTION("""COMPUTED_VALUE"""),"Tidak") -> Tidak | P24: =IFERROR(__xludf.DUMMYFUNCTION("""COMPUTED_VALUE"""),"Tenaga pendampingan pembelajaran mata Pelajaran Seni, Budaya, dan Prakarya") -> Tenaga pendampingan pembelajaran mata Pelajaran Seni, Budaya, dan Prakarya | Q24: =IFERROR(__xludf.DUMMYFUNCTION("""COMPUTED_VALUE"""),"Kabupaten Jepara, Jawa Tengah") -> Kabupaten Jepara, Jawa Tengah | R24: =IFERROR(__xludf.DUMMYFUNCTION("""COMPUTED_VALUE"""),"https://drive.google.com/drive/folders/1adI29tKHJKq3bur8xGZSWfHHrhJWKmVY") -> https://drive.google.com/drive/folders/1adI29tKHJKq3bur8xGZSWfHHrhJWKmVY | S24: =IFERROR(__xludf.DUMMYFUNCTION("""COMPUTED_VALUE"""),"https://drive.google.com/drive/folders/1IBUHZ570KJFy5CmkAqk3hdSbP9e0B9cp") -> https://drive.google.com/drive/folders/1IBUHZ570KJFy5CmkAqk3hdSbP9e0B9cp | T24: =IFERROR(__xludf.DUMMYFUNCTION("""COMPUTED_VALUE"""),"Alumni PPG Calon Guru / Prajabatan FKIP UNS") -> Alumni PPG Calon Guru / Prajabatan FKIP UNS | U24: =IFERROR(__xludf.DUMMYFUNCTION("""COMPUTED_VALUE"""),"X902308627") -> X902308627 | V24: =IFERROR(__xludf.DUMMYFUNCTION("""COMPUTED_VALUE"""),"K4217052") -> K4217052 | W24: =IFERROR(__xludf.DUMMYFUNCTION("""COMPUTED_VALUE"""),"Pendidikan Bahasa Jawa") -> Pendidikan Bahasa Jawa | X24: =IFERROR(__xludf.DUMMYFUNCTION("""COMPUTED_VALUE"""),"UNIVERSITAS SEBELAS MARET") -> UNIVERSITAS SEBELAS MARET | Y24: =IFERROR(__xludf.DUMMYFUNCTION("""COMPUTED_VALUE"""),"-") -> -
A25: =IFERROR(__xludf.DUMMYFUNCTION("""COMPUTED_VALUE"""),46231.535577152776) -> 46231.536 | B25: =IFERROR(__xludf.DUMMYFUNCTION("""COMPUTED_VALUE"""),"firdaauliashalihah@gmail.com") -> firdaauliashalihah@gmail.com | C25: =IFERROR(__xludf.DUMMYFUNCTION("""COMPUTED_VALUE"""),"Firda Aulia Shalihah, S.Pd., Gr.") -> Firda Aulia Shalihah, S.Pd., Gr. | D25: =IFERROR(__xludf.DUMMYFUNCTION("""COMPUTED_VALUE"""),7.000237077E9) -> 7000237077 | E25: =IFERROR(__xludf.DUMMYFUNCTION("""COMPUTED_VALUE"""),"0838-9183-0300") -> 0838-9183-0300 | F25: =IFERROR(__xludf.DUMMYFUNCTION("""COMPUTED_VALUE"""),36124.0) -> 36124 | G25: =IFERROR(__xludf.DUMMYFUNCTION("""COMPUTED_VALUE"""),"Pendidikan Bahasa dan Sastra Indonesia") -> Pendidikan Bahasa dan Sastra Indonesia | H25: =IFERROR(__xludf.DUMMYFUNCTION("""COMPUTED_VALUE"""),"Universitas Jember") -> Universitas Jember | I25: =IFERROR(__xludf.DUMMYFUNCTION("""COMPUTED_VALUE"""),"Bahasa Indonesia") -> Bahasa Indonesia | J25: =IFERROR(__xludf.DUMMYFUNCTION("""COMPUTED_VALUE"""),"PPG Calon Guru Gelombang 2 Tahun 2024") -> PPG Calon Guru Gelombang 2 Tahun 2024 | K25: =IFERROR(__xludf.DUMMYFUNCTION("""COMPUTED_VALUE"""),2025.0) -> 2025 | L25: =IFERROR(__xludf.DUMMYFUNCTION("""COMPUTED_VALUE"""),"3.82") -> 3.82 | M25: =IFERROR(__xludf.DUMMYFUNCTION("""COMPUTED_VALUE"""),"3.96") -> 3.96 | N25: =IFERROR(__xludf.DUMMYFUNCTION("""COMPUTED_VALUE"""),"Kabupaten Bondowoso, Jawa Timur") -> Kabupaten Bondowoso, Jawa Timur | O25: =IFERROR(__xludf.DUMMYFUNCTION("""COMPUTED_VALUE"""),"Tidak") -> Tidak | P25: =IFERROR(__xludf.DUMMYFUNCTION("""COMPUTED_VALUE"""),"Tenaga pendampingan pembelajaran mata Pelajaran Bahasa Indonesia") -> Tenaga pendampingan pembelajaran mata Pelajaran Bahasa Indonesia | Q25: =IFERROR(__xludf.DUMMYFUNCTION("""COMPUTED_VALUE"""),"Kabupaten Jepara, Jawa Tengah") -> Kabupaten Jepara, Jawa Tengah | R25: =IFERROR(__xludf.DUMMYFUNCTION("""COMPUTED_VALUE"""),"https://drive.google.com/drive/folders/1tEAq9LnaQpzTD0-eTxuLY8gkiO9MuXKQ?usp=sharing") -> https://drive.google.com/drive/folders/1tEAq9LnaQpzTD0-eTxuLY8gkiO9MuXKQ?usp=sharing | S25: =IFERROR(__xludf.DUMMYFUNCTION("""COMPUTED_VALUE"""),"https://drive.google.com/file/d/14HJ3UJHAzqXiOJWas24_Koh5HDncUtR-/view?usp=sharing") -> https://drive.google.com/file/d/14HJ3UJHAzqXiOJWas24_Koh5HDncUtR-/view?usp=sharing | T25: =IFERROR(__xludf.DUMMYFUNCTION("""COMPUTED_VALUE"""),"Alumni S1 FKIP UNS yang telah lulus PPG Calon Guru/Prajabatan bukan di FKIP UNS") -> Alumni S1 FKIP UNS yang telah lulus PPG Calon Guru/Prajabatan bukan di FKIP UNS | V25: =IFERROR(__xludf.DUMMYFUNCTION("""COMPUTED_VALUE"""),"160210402005") -> 160210402005 | W25: =IFERROR(__xludf.DUMMYFUNCTION("""COMPUTED_VALUE"""),"Pendidikan Bahasa dan Sastra Indonesia") -> Pendidikan Bahasa dan Sastra Indonesia | X25: =IFERROR(__xludf.DUMMYFUNCTION("""COMPUTED_VALUE"""),"Universitas Jember") -> Universitas Jember | Y25: =IFERROR(__xludf.DUMMYFUNCTION("""COMPUTED_VALUE"""),"240211920199") -> 240211920199
A26: =IFERROR(__xludf.DUMMYFUNCTION("""COMPUTED_VALUE"""),46231.53763591435) -> 46231.538 | B26: =IFERROR(__xludf.DUMMYFUNCTION("""COMPUTED_VALUE"""),"nur116775@gmail.com") -> nur116775@gmail.com | C26: =IFERROR(__xludf.DUMMYFUNCTION("""COMPUTED_VALUE"""),"Nur Awaliyah, S.Pd") -> Nur Awaliyah, S.Pd | D26: =IFERROR(__xludf.DUMMYFUNCTION("""COMPUTED_VALUE"""),7.000046967E9) -> 7000046967 | E26: =IFERROR(__xludf.DUMMYFUNCTION("""COMPUTED_VALUE"""),"08813904359") -> 08813904359 | F26: =IFERROR(__xludf.DUMMYFUNCTION("""COMPUTED_VALUE"""),35739.0) -> 35739 | G26: =IFERROR(__xludf.DUMMYFUNCTION("""COMPUTED_VALUE"""),"S1 Tadris Bahasa Inggris") -> S1 Tadris Bahasa Inggris | H26: =IFERROR(__xludf.DUMMYFUNCTION("""COMPUTED_VALUE"""),"Universitas Islam Negeri Salatiga") -> Universitas Islam Negeri Salatiga | I26: =IFERROR(__xludf.DUMMYFUNCTION("""COMPUTED_VALUE"""),"Bahasa Inggris") -> Bahasa Inggris | J26: =IFERROR(__xludf.DUMMYFUNCTION("""COMPUTED_VALUE"""),"PPG Prajabatan Gelombang 2 Tahun 2022") -> PPG Prajabatan Gelombang 2 Tahun 2022 | K26: =IFERROR(__xludf.DUMMYFUNCTION("""COMPUTED_VALUE"""),2023.0) -> 2023 | L26: =IFERROR(__xludf.DUMMYFUNCTION("""COMPUTED_VALUE"""),"3.74") -> 3.74 | M26: =IFERROR(__xludf.DUMMYFUNCTION("""COMPUTED_VALUE"""),"-") -> - | N26: =IFERROR(__xludf.DUMMYFUNCTION("""COMPUTED_VALUE"""),"Kota Salatiga, Jawa Tengah") -> Kota Salatiga, Jawa Tengah | O26: =IFERROR(__xludf.DUMMYFUNCTION("""COMPUTED_VALUE"""),"Tidak") -> Tidak | P26: =IFERROR(__xludf.DUMMYFUNCTION("""COMPUTED_VALUE"""),"Tenaga pendampingan pembelajaran mata Pelajaran Bahasa Inggris") -> Tenaga pendampingan pembelajaran mata Pelajaran Bahasa Inggris | Q26: =IFERROR(__xludf.DUMMYFUNCTION("""COMPUTED_VALUE"""),"Kabupaten Jepara, Jawa Tengah") -> Kabupaten Jepara, Jawa Tengah | R26: =IFERROR(__xludf.DUMMYFUNCTION("""COMPUTED_VALUE"""),"https://drive.google.com/drive/folders/1k_AcGyq3Q6qsc9WEwa0jYfv1W0X4zc2g?usp=sharing") -> https://drive.google.com/drive/folders/1k_AcGyq3Q6qsc9WEwa0jYfv1W0X4zc2g?usp=sharing | S26: =IFERROR(__xludf.DUMMYFUNCTION("""COMPUTED_VALUE"""),"https://drive.google.com/drive/folders/1hp2AsPIKeEgMhUWbzwgDRHlp34wSTNCN?usp=sharing") -> https://drive.google.com/drive/folders/1hp2AsPIKeEgMhUWbzwgDRHlp34wSTNCN?usp=sharing | T26: =IFERROR(__xludf.DUMMYFUNCTION("""COMPUTED_VALUE"""),"Alumni S1 FKIP UNS yang telah lulus PPG Calon Guru/Prajabatan bukan di FKIP UNS") -> Alumni S1 FKIP UNS yang telah lulus PPG Calon Guru/Prajabatan bukan di FKIP UNS | V26: =IFERROR(__xludf.DUMMYFUNCTION("""COMPUTED_VALUE"""),"23030150077") -> 23030150077 | W26: =IFERROR(__xludf.DUMMYFUNCTION("""COMPUTED_VALUE"""),"S1 Tadris Bahasa Inggris") -> S1 Tadris Bahasa Inggris | X26: =IFERROR(__xludf.DUMMYFUNCTION("""COMPUTED_VALUE"""),"Universitas Negeri Semarang") -> Universitas Negeri Semarang | Y26: =IFERROR(__xludf.DUMMYFUNCTION("""COMPUTED_VALUE"""),"2201022236") -> 2201022236
A27: =IFERROR(__xludf.DUMMYFUNCTION("""COMPUTED_VALUE"""),46231.54861077546) -> 46231.549 | B27: =IFERROR(__xludf.DUMMYFUNCTION("""COMPUTED_VALUE"""),"imamsetiawan101010@gmail.com") -> imamsetiawan101010@gmail.com | C27: =IFERROR(__xludf.DUMMYFUNCTION("""COMPUTED_VALUE"""),"Imam Setiawan, S.Pd., Gr., M.Pd.") -> Imam Setiawan, S.Pd., Gr., M.Pd. | D27: =IFERROR(__xludf.DUMMYFUNCTION("""COMPUTED_VALUE"""),7.000157175E9) -> 7000157175 | E27: =IFERROR(__xludf.DUMMYFUNCTION("""COMPUTED_VALUE"""),"085159559810") -> 085159559810 | F27: =IFERROR(__xludf.DUMMYFUNCTION("""COMPUTED_VALUE"""),36078.0) -> 36078 | G27: =IFERROR(__xludf.DUMMYFUNCTION("""COMPUTED_VALUE"""),"Pendidikan Biologi ") -> Pendidikan Biologi | H27: =IFERROR(__xludf.DUMMYFUNCTION("""COMPUTED_VALUE"""),"UMS") -> UMS | I27: =IFERROR(__xludf.DUMMYFUNCTION("""COMPUTED_VALUE"""),"Ilmu Pengetahuan Alam (IPA)") -> Ilmu Pengetahuan Alam (IPA) | J27: =IFERROR(__xludf.DUMMYFUNCTION("""COMPUTED_VALUE"""),"PPG Prajabatan Gelombang 1 Tahun 2023") -> PPG Prajabatan Gelombang 1 Tahun 2023 | K27: =IFERROR(__xludf.DUMMYFUNCTION("""COMPUTED_VALUE"""),2024.0) -> 2024 | L27: =IFERROR(__xludf.DUMMYFUNCTION("""COMPUTED_VALUE"""),"3.38") -> 3.38 | M27: =IFERROR(__xludf.DUMMYFUNCTION("""COMPUTED_VALUE"""),"3.94") -> 3.94 | N27: =IFERROR(__xludf.DUMMYFUNCTION("""COMPUTED_VALUE"""),"Boyolali, Jawa Tengah ") -> Boyolali, Jawa Tengah | O27: =IFERROR(__xludf.DUMMYFUNCTION("""COMPUTED_VALUE"""),"Tidak") -> Tidak | P27: =IFERROR(__xludf.DUMMYFUNCTION("""COMPUTED_VALUE"""),"Tenaga pendampingan pembelajaran mata Pelajaran Ilmu Pengetahuan Alam (IPA) untuk mengajar mata pelajaran Biologi, Kimia, Fisika") -> Tenaga pendampingan pembelajaran mata Pelajaran Ilmu Pengetahuan Alam (IPA) untuk mengajar mata pelajaran Biologi, Kimia, Fisika | Q27: =IFERROR(__xludf.DUMMYFUNCTION("""COMPUTED_VALUE"""),"Kabupaten Jepara, Jawa Tengah") -> Kabupaten Jepara, Jawa Tengah | R27: =IFERROR(__xludf.DUMMYFUNCTION("""COMPUTED_VALUE"""),"https://drive.google.com/drive/folders/1gZ-dtO59v_zpZMFk_rlSncfOBy3CNMlI") -> https://drive.google.com/drive/folders/1gZ-dtO59v_zpZMFk_rlSncfOBy3CNMlI | S27: =IFERROR(__xludf.DUMMYFUNCTION("""COMPUTED_VALUE"""),"https://drive.google.com/drive/folders/1ziBRYwAgtkkyPnTwpaQQlUVLoINNFHrH") -> https://drive.google.com/drive/folders/1ziBRYwAgtkkyPnTwpaQQlUVLoINNFHrH | T27: =IFERROR(__xludf.DUMMYFUNCTION("""COMPUTED_VALUE"""),"Alumni PPG Calon Guru / Prajabatan FKIP UNS") -> Alumni PPG Calon Guru / Prajabatan FKIP UNS | U27: =IFERROR(__xludf.DUMMYFUNCTION("""COMPUTED_VALUE"""),"X902308431") -> X902308431 | V27: =IFERROR(__xludf.DUMMYFUNCTION("""COMPUTED_VALUE"""),"A420170009") -> A420170009 | W27: =IFERROR(__xludf.DUMMYFUNCTION("""COMPUTED_VALUE"""),"Pendidikan Biologi ") -> Pendidikan Biologi | X27: =IFERROR(__xludf.DUMMYFUNCTION("""COMPUTED_VALUE"""),"UNS") -> UNS | Y27: =IFERROR(__xludf.DUMMYFUNCTION("""COMPUTED_VALUE"""),"X902308431") -> X902308431
A28: =IFERROR(__xludf.DUMMYFUNCTION("""COMPUTED_VALUE"""),46231.566069942135) -> 46231.566 | B28: =IFERROR(__xludf.DUMMYFUNCTION("""COMPUTED_VALUE"""),"mustofanuril71@gmail.com") -> mustofanuril71@gmail.com | C28: =IFERROR(__xludf.DUMMYFUNCTION("""COMPUTED_VALUE"""),"NURIL MUSTOFA, S.E., Gr.") -> NURIL MUSTOFA, S.E., Gr. | D28: =IFERROR(__xludf.DUMMYFUNCTION("""COMPUTED_VALUE"""),7.000330445E9) -> 7000330445 | E28: =IFERROR(__xludf.DUMMYFUNCTION("""COMPUTED_VALUE"""),"08996579665") -> 08996579665 | F28: =IFERROR(__xludf.DUMMYFUNCTION("""COMPUTED_VALUE"""),37538.0) -> 37538 | G28: =IFERROR(__xludf.DUMMYFUNCTION("""COMPUTED_VALUE"""),"Akuntansi") -> Akuntansi | H28: =IFERROR(__xludf.DUMMYFUNCTION("""COMPUTED_VALUE"""),"Universitas Negeri Semarang") -> Universitas Negeri Semarang | I28: =IFERROR(__xludf.DUMMYFUNCTION("""COMPUTED_VALUE"""),"Akuntansi dan Keuangan") -> Akuntansi dan Keuangan | J28: =IFERROR(__xludf.DUMMYFUNCTION("""COMPUTED_VALUE"""),"PPG Calon Guru Gelombang 2 Tahun 2024") -> PPG Calon Guru Gelombang 2 Tahun 2024 | K28: =IFERROR(__xludf.DUMMYFUNCTION("""COMPUTED_VALUE"""),2025.0) -> 2025 | L28: =IFERROR(__xludf.DUMMYFUNCTION("""COMPUTED_VALUE"""),"3.77") -> 3.77 | M28: =IFERROR(__xludf.DUMMYFUNCTION("""COMPUTED_VALUE"""),"3.95") -> 3.95 | N28: =IFERROR(__xludf.DUMMYFUNCTION("""COMPUTED_VALUE"""),"Kabupaten Jepara, Jawa Tengah") -> Kabupaten Jepara, Jawa Tengah | O28: =IFERROR(__xludf.DUMMYFUNCTION("""COMPUTED_VALUE"""),"Tidak") -> Tidak | P28: =IFERROR(__xludf.DUMMYFUNCTION("""COMPUTED_VALUE"""),"Tenaga pendampingan pembelajaran mata Pelajaran Ilmu Pengetahuan Sosial (IPS) untuk mengajar mata pelajaran Sosiologi, Ekonomi, Geografi, dan Sejarah") -> Tenaga pendampingan pembelajaran mata Pelajaran Ilmu Pengetahuan Sosial (IPS) untuk mengajar mata pelajaran Sosiologi, Ekonomi, Geografi, dan Sejarah | Q28: =IFERROR(__xludf.DUMMYFUNCTION("""COMPUTED_VALUE"""),"Kabupaten Jepara, Jawa Tengah") -> Kabupaten Jepara, Jawa Tengah | R28: =IFERROR(__xludf.DUMMYFUNCTION("""COMPUTED_VALUE"""),"https://drive.google.com/drive/folders/1bnp3dRme-Dr3vc9InIaUR0cB0yXpXWIB?usp=sharing") -> https://drive.google.com/drive/folders/1bnp3dRme-Dr3vc9InIaUR0cB0yXpXWIB?usp=sharing | S28: =IFERROR(__xludf.DUMMYFUNCTION("""COMPUTED_VALUE"""),"https://drive.google.com/drive/folders/18O0MONVMBSmYlQuiTTTxKi2Ty4RuE13V?usp=sharing") -> https://drive.google.com/drive/folders/18O0MONVMBSmYlQuiTTTxKi2Ty4RuE13V?usp=sharing | T28: =IFERROR(__xludf.DUMMYFUNCTION("""COMPUTED_VALUE"""),"Alumni PPG Calon Guru / Prajabatan FKIP UNS") -> Alumni PPG Calon Guru / Prajabatan FKIP UNS | U28: =IFERROR(__xludf.DUMMYFUNCTION("""COMPUTED_VALUE"""),"X942408355") -> X942408355 | V28: =IFERROR(__xludf.DUMMYFUNCTION("""COMPUTED_VALUE"""),"-") -> - | W28: =IFERROR(__xludf.DUMMYFUNCTION("""COMPUTED_VALUE"""),"-") -> - | X28: =IFERROR(__xludf.DUMMYFUNCTION("""COMPUTED_VALUE"""),"-") -> - | Y28: =IFERROR(__xludf.DUMMYFUNCTION("""COMPUTED_VALUE"""),"-") -> -
A29: =IFERROR(__xludf.DUMMYFUNCTION("""COMPUTED_VALUE"""),46231.608606539354) -> 46231.609 | B29: =IFERROR(__xludf.DUMMYFUNCTION("""COMPUTED_VALUE"""),"allikafh12@gmail.com") -> allikafh12@gmail.com | C29: =IFERROR(__xludf.DUMMYFUNCTION("""COMPUTED_VALUE"""),"Allika Fadiyah Hasna, S.Pd., Gr") -> Allika Fadiyah Hasna, S.Pd., Gr | D29: =IFERROR(__xludf.DUMMYFUNCTION("""COMPUTED_VALUE"""),7.000166435E9) -> 7000166435 | E29: =IFERROR(__xludf.DUMMYFUNCTION("""COMPUTED_VALUE"""),"0895422101144") -> 0895422101144 | F29: =IFERROR(__xludf.DUMMYFUNCTION("""COMPUTED_VALUE"""),36893.0) -> 36893 | G29: =IFERROR(__xludf.DUMMYFUNCTION("""COMPUTED_VALUE"""),"Pendidikan Bahasa dan Sastra Indonesia") -> Pendidikan Bahasa dan Sastra Indonesia | H29: =IFERROR(__xludf.DUMMYFUNCTION("""COMPUTED_VALUE"""),"STKIP NU INDRAMAYU") -> STKIP NU INDRAMAYU | I29: =IFERROR(__xludf.DUMMYFUNCTION("""COMPUTED_VALUE"""),"Bahasa Indonesia") -> Bahasa Indonesia | J29: =IFERROR(__xludf.DUMMYFUNCTION("""COMPUTED_VALUE"""),"PPG Prajabatan Gelombang 2 Tahun 2023") -> PPG Prajabatan Gelombang 2 Tahun 2023 | K29: =IFERROR(__xludf.DUMMYFUNCTION("""COMPUTED_VALUE"""),2024.0) -> 2024 | L29: =IFERROR(__xludf.DUMMYFUNCTION("""COMPUTED_VALUE"""),"3,71") -> 3,71 | M29: =IFERROR(__xludf.DUMMYFUNCTION("""COMPUTED_VALUE"""),"4") -> 4 | N29: =IFERROR(__xludf.DUMMYFUNCTION("""COMPUTED_VALUE"""),"Jepara, Jawa Tengah") -> Jepara, Jawa Tengah | O29: =IFERROR(__xludf.DUMMYFUNCTION("""COMPUTED_VALUE"""),"Tidak") -> Tidak | P29: =IFERROR(__xludf.DUMMYFUNCTION("""COMPUTED_VALUE"""),"Tenaga pendampingan pembelajaran mata Pelajaran Bahasa Indonesia") -> Tenaga pendampingan pembelajaran mata Pelajaran Bahasa Indonesia | Q29: =IFERROR(__xludf.DUMMYFUNCTION("""COMPUTED_VALUE"""),"Kabupaten Jepara, Jawa Tengah") -> Kabupaten Jepara, Jawa Tengah | R29: =IFERROR(__xludf.DUMMYFUNCTION("""COMPUTED_VALUE"""),"https://drive.google.com/drive/folders/1udkPKpK1nytH6b-EDpdcT6Od2JddCBv0?usp=drive_link") -> https://drive.google.com/drive/folders/1udkPKpK1nytH6b-EDpdcT6Od2JddCBv0?usp=drive_link | S29: =IFERROR(__xludf.DUMMYFUNCTION("""COMPUTED_VALUE"""),"https://drive.google.com/file/d/1Eaqx9EWaqZ9QKFvtgEjSf1OH0v-fotPS/view?usp=drive_link") -> https://drive.google.com/file/d/1Eaqx9EWaqZ9QKFvtgEjSf1OH0v-fotPS/view?usp=drive_link | T29: =IFERROR(__xludf.DUMMYFUNCTION("""COMPUTED_VALUE"""),"Alumni PPG Calon Guru / Prajabatan FKIP UNS") -> Alumni PPG Calon Guru / Prajabatan FKIP UNS | U29: =IFERROR(__xludf.DUMMYFUNCTION("""COMPUTED_VALUE"""),"X9023083406") -> X9023083406 | V29: =IFERROR(__xludf.DUMMYFUNCTION("""COMPUTED_VALUE"""),"1888201031") -> 1888201031 | W29: =IFERROR(__xludf.DUMMYFUNCTION("""COMPUTED_VALUE"""),"Pendidikan Bahasa dan Sastra Indonesia") -> Pendidikan Bahasa dan Sastra Indonesia | X29: =IFERROR(__xludf.DUMMYFUNCTION("""COMPUTED_VALUE"""),"Universitas Sebelas Maret") -> Universitas Sebelas Maret | Y29: =IFERROR(__xludf.DUMMYFUNCTION("""COMPUTED_VALUE"""),"X9023083406") -> X9023083406
A30: =IFERROR(__xludf.DUMMYFUNCTION("""COMPUTED_VALUE"""),46231.73962476852) -> 46231.74 | B30: =IFERROR(__xludf.DUMMYFUNCTION("""COMPUTED_VALUE"""),"mroyyan2001@gmail.com") -> mroyyan2001@gmail.com | C30: =IFERROR(__xludf.DUMMYFUNCTION("""COMPUTED_VALUE"""),"Muhammad Royyan, S.Pd.,Gr.") -> Muhammad Royyan, S.Pd.,Gr. | D30: =IFERROR(__xludf.DUMMYFUNCTION("""COMPUTED_VALUE"""),7.000291731E9) -> 7000291731 | E30: =IFERROR(__xludf.DUMMYFUNCTION("""COMPUTED_VALUE"""),"085602502916") -> 085602502916 | F30: =IFERROR(__xludf.DUMMYFUNCTION("""COMPUTED_VALUE"""),37099.0) -> 37099 | G30: =IFERROR(__xludf.DUMMYFUNCTION("""COMPUTED_VALUE"""),"Pendidikan Informatika") -> Pendidikan Informatika | H30: =IFERROR(__xludf.DUMMYFUNCTION("""COMPUTED_VALUE"""),"Universitas Ivet Semarang") -> Universitas Ivet Semarang | I30: =IFERROR(__xludf.DUMMYFUNCTION("""COMPUTED_VALUE"""),"Informatika") -> Informatika | J30: =IFERROR(__xludf.DUMMYFUNCTION("""COMPUTED_VALUE"""),"PPG Calon Guru Gelombang 2 Tahun 2024") -> PPG Calon Guru Gelombang 2 Tahun 2024 | K30: =IFERROR(__xludf.DUMMYFUNCTION("""COMPUTED_VALUE"""),2025.0) -> 2025 | L30: =IFERROR(__xludf.DUMMYFUNCTION("""COMPUTED_VALUE"""),"3.8") -> 3.8 | M30: =IFERROR(__xludf.DUMMYFUNCTION("""COMPUTED_VALUE"""),"3.98") -> 3.98 | N30: =IFERROR(__xludf.DUMMYFUNCTION("""COMPUTED_VALUE"""),"Kabupaten Boyolali, Jawa Tengah") -> Kabupaten Boyolali, Jawa Tengah | O30: =IFERROR(__xludf.DUMMYFUNCTION("""COMPUTED_VALUE"""),"Tidak") -> Tidak | P30: =IFERROR(__xludf.DUMMYFUNCTION("""COMPUTED_VALUE"""),"Tenaga pendampingan pembelajaran mata pelajaran TIK") -> Tenaga pendampingan pembelajaran mata pelajaran TIK | Q30: =IFERROR(__xludf.DUMMYFUNCTION("""COMPUTED_VALUE"""),"Kabupaten Jepara, Jawa Tengah") -> Kabupaten Jepara, Jawa Tengah | R30: =IFERROR(__xludf.DUMMYFUNCTION("""COMPUTED_VALUE"""),"https://drive.google.com/drive/folders/106d7lnYeq5BLtiUnJLXPSLeoEJCTNUMm") -> https://drive.google.com/drive/folders/106d7lnYeq5BLtiUnJLXPSLeoEJCTNUMm | S30: =IFERROR(__xludf.DUMMYFUNCTION("""COMPUTED_VALUE"""),"https://drive.google.com/drive/folders/1PQQxwZNzVypS3yGp4a0HX6Wmibz9ALEQ") -> https://drive.google.com/drive/folders/1PQQxwZNzVypS3yGp4a0HX6Wmibz9ALEQ | T30: =IFERROR(__xludf.DUMMYFUNCTION("""COMPUTED_VALUE"""),"Alumni PPG Calon Guru / Prajabatan FKIP UNS") -> Alumni PPG Calon Guru / Prajabatan FKIP UNS | U30: =IFERROR(__xludf.DUMMYFUNCTION("""COMPUTED_VALUE"""),"X942408324") -> X942408324 | V30: =IFERROR(__xludf.DUMMYFUNCTION("""COMPUTED_VALUE"""),"-") -> - | W30: =IFERROR(__xludf.DUMMYFUNCTION("""COMPUTED_VALUE"""),"-") -> - | X30: =IFERROR(__xludf.DUMMYFUNCTION("""COMPUTED_VALUE"""),"-") -> - | Y30: =IFERROR(__xludf.DUMMYFUNCTION("""COMPUTED_VALUE"""),"-") -> -
A31: =IFERROR(__xludf.DUMMYFUNCTION("""COMPUTED_VALUE"""),46231.75788883102) -> 46231.758 | B31: =IFERROR(__xludf.DUMMYFUNCTION("""COMPUTED_VALUE"""),"rosliana.1113@guru.smp.belajar.id") -> rosliana.1113@guru.smp.belajar.id | C31: =IFERROR(__xludf.DUMMYFUNCTION("""COMPUTED_VALUE"""),"Rosliana,S.Pd") -> Rosliana,S.Pd | D31: =IFERROR(__xludf.DUMMYFUNCTION("""COMPUTED_VALUE"""),2.02200123884E11) -> 202200123884 | E31: =IFERROR(__xludf.DUMMYFUNCTION("""COMPUTED_VALUE"""),"085395341807") -> 085395341807 | F31: =IFERROR(__xludf.DUMMYFUNCTION("""COMPUTED_VALUE"""),34981.0) -> 34981 | G31: =IFERROR(__xludf.DUMMYFUNCTION("""COMPUTED_VALUE"""),"Pendidikan Matematika") -> Pendidikan Matematika | H31: =IFERROR(__xludf.DUMMYFUNCTION("""COMPUTED_VALUE"""),"Universitas Islam Negeri Alauddin Makassar") -> Universitas Islam Negeri Alauddin Makassar | I31: =IFERROR(__xludf.DUMMYFUNCTION("""COMPUTED_VALUE"""),"Matematika") -> Matematika | J31: =IFERROR(__xludf.DUMMYFUNCTION("""COMPUTED_VALUE"""),"PPG Calon Guru Gelombang 2 Tahun 2024") -> PPG Calon Guru Gelombang 2 Tahun 2024 | K31: =IFERROR(__xludf.DUMMYFUNCTION("""COMPUTED_VALUE"""),2025.0) -> 2025 | L31: =IFERROR(__xludf.DUMMYFUNCTION("""COMPUTED_VALUE"""),"3.71") -> 3.71 | M31: =IFERROR(__xludf.DUMMYFUNCTION("""COMPUTED_VALUE"""),"4.00") -> 4.00 | N31: =IFERROR(__xludf.DUMMYFUNCTION("""COMPUTED_VALUE"""),"Kota Kendari, Sulawesi Tenggara") -> Kota Kendari, Sulawesi Tenggara | O31: =IFERROR(__xludf.DUMMYFUNCTION("""COMPUTED_VALUE"""),"Tidak") -> Tidak | P31: =IFERROR(__xludf.DUMMYFUNCTION("""COMPUTED_VALUE"""),"Tenaga pendampingan pembelajaran mata Pelajaran Matematika (umum)") -> Tenaga pendampingan pembelajaran mata Pelajaran Matematika (umum) | Q31: =IFERROR(__xludf.DUMMYFUNCTION("""COMPUTED_VALUE"""),"Kabupaten Buton Tengah, Sulawesi Tenggara") -> Kabupaten Buton Tengah, Sulawesi Tenggara | R31: =IFERROR(__xludf.DUMMYFUNCTION("""COMPUTED_VALUE"""),"-") -> - | S31: =IFERROR(__xludf.DUMMYFUNCTION("""COMPUTED_VALUE"""),"https://drive.google.com/drive/folders/1yVRF9S8gmJh2aANEg8KX6ndxm6WfzhOc?usp=sharing") -> https://drive.google.com/drive/folders/1yVRF9S8gmJh2aANEg8KX6ndxm6WfzhOc?usp=sharing | T31: =IFERROR(__xludf.DUMMYFUNCTION("""COMPUTED_VALUE"""),"Alumni PPG Calon Guru / Prajabatan FKIP UHO") -> Alumni PPG Calon Guru / Prajabatan FKIP UHO | Y31: =IFERROR(__xludf.DUMMYFUNCTION("""COMPUTED_VALUE"""),"A3S224280") -> A3S224280
A32: =IFERROR(__xludf.DUMMYFUNCTION("""COMPUTED_VALUE"""),46231.84451763889) -> 46231.845 | B32: =IFERROR(__xludf.DUMMYFUNCTION("""COMPUTED_VALUE"""),"susiir1009@gmail.com") -> susiir1009@gmail.com | C32: =IFERROR(__xludf.DUMMYFUNCTION("""COMPUTED_VALUE"""),"Susi Susanti, S.Pd.,Gr") -> Susi Susanti, S.Pd.,Gr | D32: =IFERROR(__xludf.DUMMYFUNCTION("""COMPUTED_VALUE"""),7.000239728E9) -> 7000239728 | E32: =IFERROR(__xludf.DUMMYFUNCTION("""COMPUTED_VALUE"""),"085256386808") -> 085256386808 | F32: =IFERROR(__xludf.DUMMYFUNCTION("""COMPUTED_VALUE"""),37214.0) -> 37214 | G32: =IFERROR(__xludf.DUMMYFUNCTION("""COMPUTED_VALUE"""),"Tadris matematika ") -> Tadris matematika | H32: =IFERROR(__xludf.DUMMYFUNCTION("""COMPUTED_VALUE"""),"Institut Agama Islam Negeri (IAIN) Kendari") -> Institut Agama Islam Negeri (IAIN) Kendari | I32: =IFERROR(__xludf.DUMMYFUNCTION("""COMPUTED_VALUE"""),"Matematika") -> Matematika | J32: =IFERROR(__xludf.DUMMYFUNCTION("""COMPUTED_VALUE"""),"PPG Calon Guru Gelombang 2 Tahun 2024") -> PPG Calon Guru Gelombang 2 Tahun 2024 | K32: =IFERROR(__xludf.DUMMYFUNCTION("""COMPUTED_VALUE"""),2025.0) -> 2025 | L32: =IFERROR(__xludf.DUMMYFUNCTION("""COMPUTED_VALUE"""),"3.59") -> 3.59 | M32: =IFERROR(__xludf.DUMMYFUNCTION("""COMPUTED_VALUE"""),"4.00") -> 4.00 | N32: =IFERROR(__xludf.DUMMYFUNCTION("""COMPUTED_VALUE"""),"Konawe Utara, Sulawesi Tenggara") -> Konawe Utara, Sulawesi Tenggara | O32: =IFERROR(__xludf.DUMMYFUNCTION("""COMPUTED_VALUE"""),"Tidak") -> Tidak | P32: =IFERROR(__xludf.DUMMYFUNCTION("""COMPUTED_VALUE"""),"Tenaga pendampingan pembelajaran mata Pelajaran Matematika (umum)") -> Tenaga pendampingan pembelajaran mata Pelajaran Matematika (umum) | Q32: =IFERROR(__xludf.DUMMYFUNCTION("""COMPUTED_VALUE"""),"Kabupaten Buton Tengah, Sulawesi Tenggara") -> Kabupaten Buton Tengah, Sulawesi Tenggara | R32: =IFERROR(__xludf.DUMMYFUNCTION("""COMPUTED_VALUE"""),"-") -> - | S32: =IFERROR(__xludf.DUMMYFUNCTION("""COMPUTED_VALUE"""),"https://drive.google.com/file/d/1L2HeacFitfJzYYLnhEHSiZpRNZi6DIfH/view?usp=drivesdk") -> https://drive.google.com/file/d/1L2HeacFitfJzYYLnhEHSiZpRNZi6DIfH/view?usp=drivesdk | T32: =IFERROR(__xludf.DUMMYFUNCTION("""COMPUTED_VALUE"""),"Alumni PPG Calon Guru / Prajabatan FKIP UHO") -> Alumni PPG Calon Guru / Prajabatan FKIP UHO | Y32: =IFERROR(__xludf.DUMMYFUNCTION("""COMPUTED_VALUE"""),"A3S224286") -> A3S224286
A33: =IFERROR(__xludf.DUMMYFUNCTION("""COMPUTED_VALUE"""),46231.84842071759) -> 46231.848 | B33: =IFERROR(__xludf.DUMMYFUNCTION("""COMPUTED_VALUE"""),"sartikasarti161@gmail.com") -> sartikasarti161@gmail.com | C33: =IFERROR(__xludf.DUMMYFUNCTION("""COMPUTED_VALUE"""),"Sartika,S.Pd., Gr.") -> Sartika,S.Pd., Gr. | D33: =IFERROR(__xludf.DUMMYFUNCTION("""COMPUTED_VALUE"""),7.000143754E9) -> 7000143754 | E33: =IFERROR(__xludf.DUMMYFUNCTION("""COMPUTED_VALUE"""),"085395374324") -> 085395374324 | F33: =IFERROR(__xludf.DUMMYFUNCTION("""COMPUTED_VALUE"""),36870.0) -> 36870 | G33: =IFERROR(__xludf.DUMMYFUNCTION("""COMPUTED_VALUE"""),"Pendidikan Bahasa dan Sastra Indonesia ") -> Pendidikan Bahasa dan Sastra Indonesia | H33: =IFERROR(__xludf.DUMMYFUNCTION("""COMPUTED_VALUE"""),"Universitas Halu Oleo") -> Universitas Halu Oleo | I33: =IFERROR(__xludf.DUMMYFUNCTION("""COMPUTED_VALUE"""),"Bahasa Indonesia") -> Bahasa Indonesia | J33: =IFERROR(__xludf.DUMMYFUNCTION("""COMPUTED_VALUE"""),"PPG Prajabatan Gelombang 1 Tahun 2023") -> PPG Prajabatan Gelombang 1 Tahun 2023 | K33: =IFERROR(__xludf.DUMMYFUNCTION("""COMPUTED_VALUE"""),2024.0) -> 2024 | L33: =IFERROR(__xludf.DUMMYFUNCTION("""COMPUTED_VALUE"""),"3.58") -> 3.58 | M33: =IFERROR(__xludf.DUMMYFUNCTION("""COMPUTED_VALUE"""),"4.00") -> 4.00 | N33: =IFERROR(__xludf.DUMMYFUNCTION("""COMPUTED_VALUE"""),"Kabupaten Muna, Sulawesi Tenggara ") -> Kabupaten Muna, Sulawesi Tenggara | O33: =IFERROR(__xludf.DUMMYFUNCTION("""COMPUTED_VALUE"""),"Tidak") -> Tidak | P33: =IFERROR(__xludf.DUMMYFUNCTION("""COMPUTED_VALUE"""),"Tenaga pendampingan pembelajaran mata Pelajaran Bahasa Indonesia") -> Tenaga pendampingan pembelajaran mata Pelajaran Bahasa Indonesia | Q33: =IFERROR(__xludf.DUMMYFUNCTION("""COMPUTED_VALUE"""),"Kabupaten Buton Tengah, Sulawesi Tenggara") -> Kabupaten Buton Tengah, Sulawesi Tenggara | R33: =IFERROR(__xludf.DUMMYFUNCTION("""COMPUTED_VALUE"""),"-") -> - | S33: =IFERROR(__xludf.DUMMYFUNCTION("""COMPUTED_VALUE"""),"https://drive.google.com/file/d/11wzIy8pLPUhf9NFE6RP2ma53wXYu3e4C/view?usp=drivesdk") -> https://drive.google.com/file/d/11wzIy8pLPUhf9NFE6RP2ma53wXYu3e4C/view?usp=drivesdk | T33: =IFERROR(__xludf.DUMMYFUNCTION("""COMPUTED_VALUE"""),"Alumni PPG Calon Guru / Prajabatan FKIP UHO") -> Alumni PPG Calon Guru / Prajabatan FKIP UHO | Y33: =IFERROR(__xludf.DUMMYFUNCTION("""COMPUTED_VALUE"""),"A3S223076") -> A3S223076
A34: =IFERROR(__xludf.DUMMYFUNCTION("""COMPUTED_VALUE"""),46231.85709331019) -> 46231.857 | B34: =IFERROR(__xludf.DUMMYFUNCTION("""COMPUTED_VALUE"""),"fitawardani1301@gmail.com") -> fitawardani1301@gmail.com | C34: =IFERROR(__xludf.DUMMYFUNCTION("""COMPUTED_VALUE"""),"Fita Wardani, S.Pd., Gr.") -> Fita Wardani, S.Pd., Gr. | D34: =IFERROR(__xludf.DUMMYFUNCTION("""COMPUTED_VALUE"""),7.000145964E9) -> 7000145964 | E34: =IFERROR(__xludf.DUMMYFUNCTION("""COMPUTED_VALUE"""),"081938900154") -> 081938900154 | F34: =IFERROR(__xludf.DUMMYFUNCTION("""COMPUTED_VALUE"""),36538.0) -> 36538 | G34: =IFERROR(__xludf.DUMMYFUNCTION("""COMPUTED_VALUE"""),"Pendidikan Bahasa dan Sastra Indonesia") -> Pendidikan Bahasa dan Sastra Indonesia | H34: =IFERROR(__xludf.DUMMYFUNCTION("""COMPUTED_VALUE"""),"Universitas Halu Oleo") -> Universitas Halu Oleo | I34: =IFERROR(__xludf.DUMMYFUNCTION("""COMPUTED_VALUE"""),"Bahasa Indonesia") -> Bahasa Indonesia | J34: =IFERROR(__xludf.DUMMYFUNCTION("""COMPUTED_VALUE"""),"PPG Prajabatan Gelombang 1 Tahun 2023") -> PPG Prajabatan Gelombang 1 Tahun 2023 | K34: =IFERROR(__xludf.DUMMYFUNCTION("""COMPUTED_VALUE"""),2024.0) -> 2024 | L34: =IFERROR(__xludf.DUMMYFUNCTION("""COMPUTED_VALUE"""),"3.46") -> 3.46 | M34: =IFERROR(__xludf.DUMMYFUNCTION("""COMPUTED_VALUE"""),"4.00") -> 4.00 | N34: =IFERROR(__xludf.DUMMYFUNCTION("""COMPUTED_VALUE"""),"Kabupaten Muna, Sulawesi Tenggara") -> Kabupaten Muna, Sulawesi Tenggara | O34: =IFERROR(__xludf.DUMMYFUNCTION("""COMPUTED_VALUE"""),"Tidak") -> Tidak | P34: =IFERROR(__xludf.DUMMYFUNCTION("""COMPUTED_VALUE"""),"Tenaga pendampingan pembelajaran mata Pelajaran Bahasa Indonesia") -> Tenaga pendampingan pembelajaran mata Pelajaran Bahasa Indonesia | Q34: =IFERROR(__xludf.DUMMYFUNCTION("""COMPUTED_VALUE"""),"Kabupaten Buton Tengah, Sulawesi Tenggara") -> Kabupaten Buton Tengah, Sulawesi Tenggara | R34: =IFERROR(__xludf.DUMMYFUNCTION("""COMPUTED_VALUE"""),"-") -> - | S34: =IFERROR(__xludf.DUMMYFUNCTION("""COMPUTED_VALUE"""),"https://drive.google.com/drive/folders/1SNu-qFtK02OmLkQZ1AWo5DDVTH46tRqo") -> https://drive.google.com/drive/folders/1SNu-qFtK02OmLkQZ1AWo5DDVTH46tRqo | T34: =IFERROR(__xludf.DUMMYFUNCTION("""COMPUTED_VALUE"""),"Alumni PPG Calon Guru / Prajabatan FKIP UHO") -> Alumni PPG Calon Guru / Prajabatan FKIP UHO | Y34: =IFERROR(__xludf.DUMMYFUNCTION("""COMPUTED_VALUE"""),"A3S223069") -> A3S223069
A35: =IFERROR(__xludf.DUMMYFUNCTION("""COMPUTED_VALUE"""),46231.8693347338) -> 46231.869 | B35: =IFERROR(__xludf.DUMMYFUNCTION("""COMPUTED_VALUE"""),"ppg.adityahasan00828@program.belajar.id") -> ppg.adityahasan00828@program.belajar.id | C35: =IFERROR(__xludf.DUMMYFUNCTION("""COMPUTED_VALUE"""),"Aditya Maulana Hasan, S.Pd., Gr.") -> Aditya Maulana Hasan, S.Pd., Gr. | D35: =IFERROR(__xludf.DUMMYFUNCTION("""COMPUTED_VALUE"""),7.00014757E9) -> 7000147570 | E35: =IFERROR(__xludf.DUMMYFUNCTION("""COMPUTED_VALUE"""),"088809402034") -> 088809402034 | F35: =IFERROR(__xludf.DUMMYFUNCTION("""COMPUTED_VALUE"""),36759.0) -> 36759 | G35: =IFERROR(__xludf.DUMMYFUNCTION("""COMPUTED_VALUE"""),"S-1 Pendidikan Pancasila dan Kewarganegaraan (PPKn)") -> S-1 Pendidikan Pancasila dan Kewarganegaraan (PPKn) | H35: =IFERROR(__xludf.DUMMYFUNCTION("""COMPUTED_VALUE"""),"Universitas Slamet Riyadi Surakarta") -> Universitas Slamet Riyadi Surakarta | I35: =IFERROR(__xludf.DUMMYFUNCTION("""COMPUTED_VALUE"""),"Pendidikan Pancasila dan Kewarganegaraan (PKn)") -> Pendidikan Pancasila dan Kewarganegaraan (PKn) | J35: =IFERROR(__xludf.DUMMYFUNCTION("""COMPUTED_VALUE"""),"PPG Prajabatan Gelombang 2 Tahun 2023") -> PPG Prajabatan Gelombang 2 Tahun 2023 | K35: =IFERROR(__xludf.DUMMYFUNCTION("""COMPUTED_VALUE"""),2024.0) -> 2024 | L35: =IFERROR(__xludf.DUMMYFUNCTION("""COMPUTED_VALUE"""),"3.93") -> 3.93 | M35: =IFERROR(__xludf.DUMMYFUNCTION("""COMPUTED_VALUE"""),"3.91") -> 3.91 | N35: =IFERROR(__xludf.DUMMYFUNCTION("""COMPUTED_VALUE"""),"Surakarta, Jawa Tengah") -> Surakarta, Jawa Tengah | O35: =IFERROR(__xludf.DUMMYFUNCTION("""COMPUTED_VALUE"""),"Tidak") -> Tidak | P35: =IFERROR(__xludf.DUMMYFUNCTION("""COMPUTED_VALUE"""),"Tenaga pendampingan pembelajaran mata Pelajaran Pendidikan Pancasila") -> Tenaga pendampingan pembelajaran mata Pelajaran Pendidikan Pancasila | Q35: =IFERROR(__xludf.DUMMYFUNCTION("""COMPUTED_VALUE"""),"Kabupaten Jepara, Jawa Tengah") -> Kabupaten Jepara, Jawa Tengah | R35: =IFERROR(__xludf.DUMMYFUNCTION("""COMPUTED_VALUE"""),"https://drive.google.com/drive/folders/1KQEjYEuRliiWwNZ-UeRxx7vH3kFna984?usp=drive_link") -> https://drive.google.com/drive/folders/1KQEjYEuRliiWwNZ-UeRxx7vH3kFna984?usp=drive_link | S35: =IFERROR(__xludf.DUMMYFUNCTION("""COMPUTED_VALUE"""),"https://drive.google.com/file/d/1zV2figavABF53g88ty1zBwjNJ4TwwTWj/view?usp=drivesdk") -> https://drive.google.com/file/d/1zV2figavABF53g88ty1zBwjNJ4TwwTWj/view?usp=drivesdk | T35: =IFERROR(__xludf.DUMMYFUNCTION("""COMPUTED_VALUE"""),"Alumni PPG Calon Guru / Prajabatan FKIP UNS") -> Alumni PPG Calon Guru / Prajabatan FKIP UNS | U35: =IFERROR(__xludf.DUMMYFUNCTION("""COMPUTED_VALUE"""),"X9023083372") -> X9023083372 | V35: =IFERROR(__xludf.DUMMYFUNCTION("""COMPUTED_VALUE"""),"19510009") -> 19510009 | W35: =IFERROR(__xludf.DUMMYFUNCTION("""COMPUTED_VALUE"""),"Universitas Slamet Riyadi Surakarta") -> Universitas Slamet Riyadi Surakarta | X35: =IFERROR(__xludf.DUMMYFUNCTION("""COMPUTED_VALUE"""),"Universitas Sebelas Maret Surakarta (UNS)") -> Universitas Sebelas Maret Surakarta (UNS) | Y35: =IFERROR(__xludf.DUMMYFUNCTION("""COMPUTED_VALUE"""),"-") -> -
A36: =IFERROR(__xludf.DUMMYFUNCTION("""COMPUTED_VALUE"""),46231.87480743056) -> 46231.875 | B36: =IFERROR(__xludf.DUMMYFUNCTION("""COMPUTED_VALUE"""),"tiwikhapsari55@gmail.com") -> tiwikhapsari55@gmail.com | C36: =IFERROR(__xludf.DUMMYFUNCTION("""COMPUTED_VALUE"""),"Nur Pratiwi Yuga Hapsari, S.Pd,.Gr") -> Nur Pratiwi Yuga Hapsari, S.Pd,.Gr | D36: =IFERROR(__xludf.DUMMYFUNCTION("""COMPUTED_VALUE"""),2.02500039736E11) -> 202500039736 | E36: =IFERROR(__xludf.DUMMYFUNCTION("""COMPUTED_VALUE"""),"081393894231") -> 081393894231 | F36: =IFERROR(__xludf.DUMMYFUNCTION("""COMPUTED_VALUE"""),35987.0) -> 35987 | G36: =IFERROR(__xludf.DUMMYFUNCTION("""COMPUTED_VALUE"""),"Pendidikan Ekonomi") -> Pendidikan Ekonomi | H36: =IFERROR(__xludf.DUMMYFUNCTION("""COMPUTED_VALUE"""),"Universitas Sebelas Maret ") -> Universitas Sebelas Maret | I36: =IFERROR(__xludf.DUMMYFUNCTION("""COMPUTED_VALUE"""),"Ekonomi") -> Ekonomi | J36: =IFERROR(__xludf.DUMMYFUNCTION("""COMPUTED_VALUE"""),"PPG Prajabatan Gelombang 2 Tahun 2022") -> PPG Prajabatan Gelombang 2 Tahun 2022 | K36: =IFERROR(__xludf.DUMMYFUNCTION("""COMPUTED_VALUE"""),2023.0) -> 2023 | L36: =IFERROR(__xludf.DUMMYFUNCTION("""COMPUTED_VALUE"""),"3.46") -> 3.46 | M36: =IFERROR(__xludf.DUMMYFUNCTION("""COMPUTED_VALUE"""),"3.85") -> 3.85 | N36: =IFERROR(__xludf.DUMMYFUNCTION("""COMPUTED_VALUE"""),"Surakarta, Jawa Tengah") -> Surakarta, Jawa Tengah | O36: =IFERROR(__xludf.DUMMYFUNCTION("""COMPUTED_VALUE"""),"Tidak") -> Tidak | P36: =IFERROR(__xludf.DUMMYFUNCTION("""COMPUTED_VALUE"""),"Tenaga pendampingan pembelajaran mata Pelajaran Ilmu Pengetahuan Sosial (IPS) untuk mengajar mata pelajaran Sosiologi, Ekonomi, Geografi, dan Sejarah") -> Tenaga pendampingan pembelajaran mata Pelajaran Ilmu Pengetahuan Sosial (IPS) untuk mengajar mata pelajaran Sosiologi, Ekonomi, Geografi, dan Sejarah | Q36: =IFERROR(__xludf.DUMMYFUNCTION("""COMPUTED_VALUE"""),"Kabupaten Jepara, Jawa Tengah") -> Kabupaten Jepara, Jawa Tengah | R36: =IFERROR(__xludf.DUMMYFUNCTION("""COMPUTED_VALUE"""),"https://drive.google.com/drive/folders/1Eg6r0rlH0F6MAdubmYPJPFh87S0nvJrm") -> https://drive.google.com/drive/folders/1Eg6r0rlH0F6MAdubmYPJPFh87S0nvJrm | S36: =IFERROR(__xludf.DUMMYFUNCTION("""COMPUTED_VALUE"""),"https://drive.google.com/drive/folders/1ZemobWCxQpWbWK-4F6mIDlYPJB6PQgHU") -> https://drive.google.com/drive/folders/1ZemobWCxQpWbWK-4F6mIDlYPJB6PQgHU | T36: =IFERROR(__xludf.DUMMYFUNCTION("""COMPUTED_VALUE"""),"Alumni S1 FKIP UNS yang telah lulus PPG Calon Guru/Prajabatan bukan di FKIP UNS") -> Alumni S1 FKIP UNS yang telah lulus PPG Calon Guru/Prajabatan bukan di FKIP UNS | V36: =IFERROR(__xludf.DUMMYFUNCTION("""COMPUTED_VALUE"""),"K7616051") -> K7616051 | W36: =IFERROR(__xludf.DUMMYFUNCTION("""COMPUTED_VALUE"""),"Pendidikan Ekonomi") -> Pendidikan Ekonomi | X36: =IFERROR(__xludf.DUMMYFUNCTION("""COMPUTED_VALUE"""),"Universitas Sebelas Maret") -> Universitas Sebelas Maret | Y36: =IFERROR(__xludf.DUMMYFUNCTION("""COMPUTED_VALUE"""),"X9022084096") -> X9022084096
A37: =IFERROR(__xludf.DUMMYFUNCTION("""COMPUTED_VALUE"""),46231.88089446759) -> 46231.881 | B37: =IFERROR(__xludf.DUMMYFUNCTION("""COMPUTED_VALUE"""),"peserta.06995@ppg.belajar.id") -> peserta.06995@ppg.belajar.id | C37: =IFERROR(__xludf.DUMMYFUNCTION("""COMPUTED_VALUE"""),"Listia Nuraini, S.Pd.,Gr") -> Listia Nuraini, S.Pd.,Gr | D37: =IFERROR(__xludf.DUMMYFUNCTION("""COMPUTED_VALUE"""),7.000116289E9) -> 7000116289 | E37: =IFERROR(__xludf.DUMMYFUNCTION("""COMPUTED_VALUE"""),"085840043140") -> 085840043140 | F37: =IFERROR(__xludf.DUMMYFUNCTION("""COMPUTED_VALUE"""),36432.0) -> 36432 | G37: =IFERROR(__xludf.DUMMYFUNCTION("""COMPUTED_VALUE"""),"Pendidikan Teknologi Informasi") -> Pendidikan Teknologi Informasi | H37: =IFERROR(__xludf.DUMMYFUNCTION("""COMPUTED_VALUE"""),"Universitas Teknologi Yogyakarta") -> Universitas Teknologi Yogyakarta | I37: =IFERROR(__xludf.DUMMYFUNCTION("""COMPUTED_VALUE"""),"Informatika") -> Informatika | J37: =IFERROR(__xludf.DUMMYFUNCTION("""COMPUTED_VALUE"""),"PPG Calon Guru Gelombang 2 Tahun 2024") -> PPG Calon Guru Gelombang 2 Tahun 2024 | K37: =IFERROR(__xludf.DUMMYFUNCTION("""COMPUTED_VALUE"""),2025.0) -> 2025 | L37: =IFERROR(__xludf.DUMMYFUNCTION("""COMPUTED_VALUE"""),"3.92") -> 3.92 | M37: =IFERROR(__xludf.DUMMYFUNCTION("""COMPUTED_VALUE"""),"3.97") -> 3.97 | N37: =IFERROR(__xludf.DUMMYFUNCTION("""COMPUTED_VALUE"""),"Lampung selatan, Lampung") -> Lampung selatan, Lampung | O37: =IFERROR(__xludf.DUMMYFUNCTION("""COMPUTED_VALUE"""),"Tidak") -> Tidak | P37: =IFERROR(__xludf.DUMMYFUNCTION("""COMPUTED_VALUE"""),"Tenaga pendampingan pembelajaran mata pelajaran TIK") -> Tenaga pendampingan pembelajaran mata pelajaran TIK | Q37: =IFERROR(__xludf.DUMMYFUNCTION("""COMPUTED_VALUE"""),"Kabupaten Jepara, Jawa Tengah") -> Kabupaten Jepara, Jawa Tengah | R37: =IFERROR(__xludf.DUMMYFUNCTION("""COMPUTED_VALUE"""),"-") -> - | S37: =IFERROR(__xludf.DUMMYFUNCTION("""COMPUTED_VALUE"""),"https://drive.google.com/drive/folders/19MRaOM80DF038NWPqHaqqcWNbEgyOpsX") -> https://drive.google.com/drive/folders/19MRaOM80DF038NWPqHaqqcWNbEgyOpsX | T37: =IFERROR(__xludf.DUMMYFUNCTION("""COMPUTED_VALUE"""),"Alumni PPG Calon Guru / Prajabatan FKIP UNS") -> Alumni PPG Calon Guru / Prajabatan FKIP UNS | U37: =IFERROR(__xludf.DUMMYFUNCTION("""COMPUTED_VALUE"""),"X942408276") -> X942408276 | V37: =IFERROR(__xludf.DUMMYFUNCTION("""COMPUTED_VALUE"""),"5171311001") -> 5171311001 | W37: =IFERROR(__xludf.DUMMYFUNCTION("""COMPUTED_VALUE"""),"Pendidikan Teknologi Informasi") -> Pendidikan Teknologi Informasi | X37: =IFERROR(__xludf.DUMMYFUNCTION("""COMPUTED_VALUE"""),"Universitas Sebelas Maret") -> Universitas Sebelas Maret | Y37: =IFERROR(__xludf.DUMMYFUNCTION("""COMPUTED_VALUE"""),"X942408276") -> X942408276
A38: =IFERROR(__xludf.DUMMYFUNCTION("""COMPUTED_VALUE"""),46231.886918344906) -> 46231.887 | B38: =IFERROR(__xludf.DUMMYFUNCTION("""COMPUTED_VALUE"""),"chabibahnur7@gmail.com") -> chabibahnur7@gmail.com | C38: =IFERROR(__xludf.DUMMYFUNCTION("""COMPUTED_VALUE"""),"Nurchabibah, S.Pd.") -> Nurchabibah, S.Pd. | D38: =IFERROR(__xludf.DUMMYFUNCTION("""COMPUTED_VALUE"""),7.000019417E9) -> 7000019417 | E38: =IFERROR(__xludf.DUMMYFUNCTION("""COMPUTED_VALUE"""),"085710424577") -> 085710424577 | F38: =IFERROR(__xludf.DUMMYFUNCTION("""COMPUTED_VALUE"""),34964.0) -> 34964 | G38: =IFERROR(__xludf.DUMMYFUNCTION("""COMPUTED_VALUE"""),"Pendidikan Geografi") -> Pendidikan Geografi | H38: =IFERROR(__xludf.DUMMYFUNCTION("""COMPUTED_VALUE"""),"Universitas Negeri Semarang") -> Universitas Negeri Semarang | I38: =IFERROR(__xludf.DUMMYFUNCTION("""COMPUTED_VALUE"""),"Geografi") -> Geografi | J38: =IFERROR(__xludf.DUMMYFUNCTION("""COMPUTED_VALUE"""),"PPG Prajabatan Gelombang 1 Tahun 2022") -> PPG Prajabatan Gelombang 1 Tahun 2022 | K38: =IFERROR(__xludf.DUMMYFUNCTION("""COMPUTED_VALUE"""),2023.0) -> 2023 | L38: =IFERROR(__xludf.DUMMYFUNCTION("""COMPUTED_VALUE"""),"3,45") -> 3,45 | M38: =IFERROR(__xludf.DUMMYFUNCTION("""COMPUTED_VALUE"""),"3,94") -> 3,94 | N38: =IFERROR(__xludf.DUMMYFUNCTION("""COMPUTED_VALUE"""),"Purworejo, Jawa Tengah") -> Purworejo, Jawa Tengah | O38: =IFERROR(__xludf.DUMMYFUNCTION("""COMPUTED_VALUE"""),"Tidak") -> Tidak | P38: =IFERROR(__xludf.DUMMYFUNCTION("""COMPUTED_VALUE"""),"Tenaga pendampingan pembelajaran mata Pelajaran Ilmu Pengetahuan Sosial (IPS) untuk mengajar mata pelajaran Sosiologi, Ekonomi, Geografi, dan Sejarah") -> Tenaga pendampingan pembelajaran mata Pelajaran Ilmu Pengetahuan Sosial (IPS) untuk mengajar mata pelajaran Sosiologi, Ekonomi, Geografi, dan Sejarah | Q38: =IFERROR(__xludf.DUMMYFUNCTION("""COMPUTED_VALUE"""),"Kabupaten Jepara, Jawa Tengah") -> Kabupaten Jepara, Jawa Tengah | R38: =IFERROR(__xludf.DUMMYFUNCTION("""COMPUTED_VALUE"""),"https://drive.google.com/drive/folders/18oRqAvm67ggqMfNCM47RhToEBBLw5A_4?usp=sharing") -> https://drive.google.com/drive/folders/18oRqAvm67ggqMfNCM47RhToEBBLw5A_4?usp=sharing | S38: =IFERROR(__xludf.DUMMYFUNCTION("""COMPUTED_VALUE"""),"https://drive.google.com/drive/folders/1YHV5XDphM0hO8XmD0XXIw26hn__uS09N") -> https://drive.google.com/drive/folders/1YHV5XDphM0hO8XmD0XXIw26hn__uS09N | T38: =IFERROR(__xludf.DUMMYFUNCTION("""COMPUTED_VALUE"""),"Alumni PPG Calon Guru / Prajabatan FKIP UNS") -> Alumni PPG Calon Guru / Prajabatan FKIP UNS | U38: =IFERROR(__xludf.DUMMYFUNCTION("""COMPUTED_VALUE"""),"X9022082584") -> X9022082584 | V38: =IFERROR(__xludf.DUMMYFUNCTION("""COMPUTED_VALUE"""),"-") -> - | W38: =IFERROR(__xludf.DUMMYFUNCTION("""COMPUTED_VALUE"""),"-") -> - | X38: =IFERROR(__xludf.DUMMYFUNCTION("""COMPUTED_VALUE"""),"-") -> - | Y38: =IFERROR(__xludf.DUMMYFUNCTION("""COMPUTED_VALUE"""),"-") -> -
A39: =IFERROR(__xludf.DUMMYFUNCTION("""COMPUTED_VALUE"""),46231.88617241898) -> 46231.886 | B39: =IFERROR(__xludf.DUMMYFUNCTION("""COMPUTED_VALUE"""),"ppg.sucityas99428@program.belajar.id") -> ppg.sucityas99428@program.belajar.id | C39: =IFERROR(__xludf.DUMMYFUNCTION("""COMPUTED_VALUE"""),"Suci Suryaning Tyas S.Pd,Gr") -> Suci Suryaning Tyas S.Pd,Gr | D39: =IFERROR(__xludf.DUMMYFUNCTION("""COMPUTED_VALUE"""),7.000181406E9) -> 7000181406 | E39: =IFERROR(__xludf.DUMMYFUNCTION("""COMPUTED_VALUE"""),"085725604967") -> 085725604967 | F39: =IFERROR(__xludf.DUMMYFUNCTION("""COMPUTED_VALUE"""),36253.0) -> 36253 | G39: =IFERROR(__xludf.DUMMYFUNCTION("""COMPUTED_VALUE"""),"S1 Pendidikan Seni Tari") -> S1 Pendidikan Seni Tari | H39: =IFERROR(__xludf.DUMMYFUNCTION("""COMPUTED_VALUE"""),"Universitas Negeri Semarang") -> Universitas Negeri Semarang | I39: =IFERROR(__xludf.DUMMYFUNCTION("""COMPUTED_VALUE"""),"Seni Budaya") -> Seni Budaya | J39: =IFERROR(__xludf.DUMMYFUNCTION("""COMPUTED_VALUE"""),"PPG Prajabatan Gelombang 2 Tahun 2023") -> PPG Prajabatan Gelombang 2 Tahun 2023 | K39: =IFERROR(__xludf.DUMMYFUNCTION("""COMPUTED_VALUE"""),2024.0) -> 2024 | L39: =IFERROR(__xludf.DUMMYFUNCTION("""COMPUTED_VALUE"""),"3.49") -> 3.49 | M39: =IFERROR(__xludf.DUMMYFUNCTION("""COMPUTED_VALUE"""),"3.87") -> 3.87 | N39: =IFERROR(__xludf.DUMMYFUNCTION("""COMPUTED_VALUE"""),"Kecamatan Susukan, Kabupaten Semarang, Jawa Tengah") -> Kecamatan Susukan, Kabupaten Semarang, Jawa Tengah | O39: =IFERROR(__xludf.DUMMYFUNCTION("""COMPUTED_VALUE"""),"Tidak") -> Tidak | P39: =IFERROR(__xludf.DUMMYFUNCTION("""COMPUTED_VALUE"""),"Tenaga pendampingan pembelajaran mata Pelajaran Seni, Budaya, dan Prakarya") -> Tenaga pendampingan pembelajaran mata Pelajaran Seni, Budaya, dan Prakarya | Q39: =IFERROR(__xludf.DUMMYFUNCTION("""COMPUTED_VALUE"""),"Kabupaten Jepara, Jawa Tengah") -> Kabupaten Jepara, Jawa Tengah | R39: =IFERROR(__xludf.DUMMYFUNCTION("""COMPUTED_VALUE"""),"https://drive.google.com/drive/folders/1zgl0YiZyomWwF6BEe19h0ZLsRC-Uf7It") -> https://drive.google.com/drive/folders/1zgl0YiZyomWwF6BEe19h0ZLsRC-Uf7It | S39: =IFERROR(__xludf.DUMMYFUNCTION("""COMPUTED_VALUE"""),"https://drive.google.com/file/d/1iq8cDdVfuoJxTaGIJK-5C0uFxCjY3984/view?usp=drivesdk") -> https://drive.google.com/file/d/1iq8cDdVfuoJxTaGIJK-5C0uFxCjY3984/view?usp=drivesdk | T39: =IFERROR(__xludf.DUMMYFUNCTION("""COMPUTED_VALUE"""),"Alumni PPG Calon Guru / Prajabatan FKIP UNS") -> Alumni PPG Calon Guru / Prajabatan FKIP UNS | U39: =IFERROR(__xludf.DUMMYFUNCTION("""COMPUTED_VALUE"""),"X9023083785") -> X9023083785 | V39: =IFERROR(__xludf.DUMMYFUNCTION("""COMPUTED_VALUE"""),"-") -> - | W39: =IFERROR(__xludf.DUMMYFUNCTION("""COMPUTED_VALUE"""),"-") -> - | X39: =IFERROR(__xludf.DUMMYFUNCTION("""COMPUTED_VALUE"""),"UNS") -> UNS | Y39: =IFERROR(__xludf.DUMMYFUNCTION("""COMPUTED_VALUE"""),"-") -> -
A40: =IFERROR(__xludf.DUMMYFUNCTION("""COMPUTED_VALUE"""),46231.890759050926) -> 46231.891 | B40: =IFERROR(__xludf.DUMMYFUNCTION("""COMPUTED_VALUE"""),"senosetiyawan23@gmail.com") -> senosetiyawan23@gmail.com | C40: =IFERROR(__xludf.DUMMYFUNCTION("""COMPUTED_VALUE"""),"Seno setiyawan") -> Seno setiyawan | D40: =IFERROR(__xludf.DUMMYFUNCTION("""COMPUTED_VALUE"""),7.000110408E9) -> 7000110408 | E40: =IFERROR(__xludf.DUMMYFUNCTION("""COMPUTED_VALUE"""),"085799588894") -> 085799588894 | F40: =IFERROR(__xludf.DUMMYFUNCTION("""COMPUTED_VALUE"""),34873.0) -> 34873 | G40: =IFERROR(__xludf.DUMMYFUNCTION("""COMPUTED_VALUE"""),"Matematika") -> Matematika | H40: =IFERROR(__xludf.DUMMYFUNCTION("""COMPUTED_VALUE"""),"Universitas Sebelas Maret") -> Universitas Sebelas Maret | I40: =IFERROR(__xludf.DUMMYFUNCTION("""COMPUTED_VALUE"""),"Matematika") -> Matematika | J40: =IFERROR(__xludf.DUMMYFUNCTION("""COMPUTED_VALUE"""),"PPG Prajabatan Gelombang 2 Tahun 2023") -> PPG Prajabatan Gelombang 2 Tahun 2023 | K40: =IFERROR(__xludf.DUMMYFUNCTION("""COMPUTED_VALUE"""),2024.0) -> 2024 | L40: =IFERROR(__xludf.DUMMYFUNCTION("""COMPUTED_VALUE"""),"3.11") -> 3.11 | M40: =IFERROR(__xludf.DUMMYFUNCTION("""COMPUTED_VALUE"""),"3.90") -> 3.90 | N40: =IFERROR(__xludf.DUMMYFUNCTION("""COMPUTED_VALUE"""),"Surakarta, Jawa Tengah") -> Surakarta, Jawa Tengah | O40: =IFERROR(__xludf.DUMMYFUNCTION("""COMPUTED_VALUE"""),"Tidak") -> Tidak | P40: =IFERROR(__xludf.DUMMYFUNCTION("""COMPUTED_VALUE"""),"Tenaga pendampingan pembelajaran mata Pelajaran Matematika (umum)") -> Tenaga pendampingan pembelajaran mata Pelajaran Matematika (umum) | Q40: =IFERROR(__xludf.DUMMYFUNCTION("""COMPUTED_VALUE"""),"Kabupaten Jepara, Jawa Tengah") -> Kabupaten Jepara, Jawa Tengah | R40: =IFERROR(__xludf.DUMMYFUNCTION("""COMPUTED_VALUE"""),"https://drive.google.com/drive/folders/17MT469v6DaHmpoLFdWBe241N_dObmepV?usp=drive_link") -> https://drive.google.com/drive/folders/17MT469v6DaHmpoLFdWBe241N_dObmepV?usp=drive_link | S40: =IFERROR(__xludf.DUMMYFUNCTION("""COMPUTED_VALUE"""),"https://drive.google.com/drive/folders/17MT469v6DaHmpoLFdWBe241N_dObmepV?usp=drive_link") -> https://drive.google.com/drive/folders/17MT469v6DaHmpoLFdWBe241N_dObmepV?usp=drive_link | T40: =IFERROR(__xludf.DUMMYFUNCTION("""COMPUTED_VALUE"""),"Alumni PPG Calon Guru / Prajabatan FKIP UNS") -> Alumni PPG Calon Guru / Prajabatan FKIP UNS | U40: =IFERROR(__xludf.DUMMYFUNCTION("""COMPUTED_VALUE"""),"X9023083767") -> X9023083767 | V40: =IFERROR(__xludf.DUMMYFUNCTION("""COMPUTED_VALUE"""),"M0113045") -> M0113045 | W40: =IFERROR(__xludf.DUMMYFUNCTION("""COMPUTED_VALUE"""),"Matematika") -> Matematika | X40: =IFERROR(__xludf.DUMMYFUNCTION("""COMPUTED_VALUE"""),"Universitas Sebelas Maret") -> Universitas Sebelas Maret | Y40: =IFERROR(__xludf.DUMMYFUNCTION("""COMPUTED_VALUE"""),"-") -> -
A41: =IFERROR(__xludf.DUMMYFUNCTION("""COMPUTED_VALUE"""),46231.91060094908) -> 46231.911 | B41: =IFERROR(__xludf.DUMMYFUNCTION("""COMPUTED_VALUE"""),"yonekaoca16@gmail.com") -> yonekaoca16@gmail.com | C41: =IFERROR(__xludf.DUMMYFUNCTION("""COMPUTED_VALUE"""),"Yoneka Noorca Erlangga, S. Pd., Gr.") -> Yoneka Noorca Erlangga, S. Pd., Gr. | D41: =IFERROR(__xludf.DUMMYFUNCTION("""COMPUTED_VALUE"""),7.000229318E9) -> 7000229318 | E41: =IFERROR(__xludf.DUMMYFUNCTION("""COMPUTED_VALUE"""),"085817348167") -> 085817348167 | F41: =IFERROR(__xludf.DUMMYFUNCTION("""COMPUTED_VALUE"""),37119.0) -> 37119 | G41: =IFERROR(__xludf.DUMMYFUNCTION("""COMPUTED_VALUE"""),"S-1 Pendidikan Sejarah") -> S-1 Pendidikan Sejarah | H41: =IFERROR(__xludf.DUMMYFUNCTION("""COMPUTED_VALUE"""),"Universitas Sebelas Maret") -> Universitas Sebelas Maret | I41: =IFERROR(__xludf.DUMMYFUNCTION("""COMPUTED_VALUE"""),"Sejarah") -> Sejarah | J41: =IFERROR(__xludf.DUMMYFUNCTION("""COMPUTED_VALUE"""),"PPG Prajabatan Gelombang 1 Tahun 2024") -> PPG Prajabatan Gelombang 1 Tahun 2024 | K41: =IFERROR(__xludf.DUMMYFUNCTION("""COMPUTED_VALUE"""),2024.0) -> 2024 | L41: =IFERROR(__xludf.DUMMYFUNCTION("""COMPUTED_VALUE"""),"3.70") -> 3.70 | M41: =IFERROR(__xludf.DUMMYFUNCTION("""COMPUTED_VALUE"""),"4.00") -> 4.00 | N41: =IFERROR(__xludf.DUMMYFUNCTION("""COMPUTED_VALUE"""),"Kabupaten Karanganyar, Jawa Tengah") -> Kabupaten Karanganyar, Jawa Tengah | O41: =IFERROR(__xludf.DUMMYFUNCTION("""COMPUTED_VALUE"""),"Tidak") -> Tidak | P41: =IFERROR(__xludf.DUMMYFUNCTION("""COMPUTED_VALUE"""),"Tenaga pendampingan pembelajaran mata Pelajaran Ilmu Pengetahuan Sosial (IPS) untuk mengajar mata pelajaran Sosiologi, Ekonomi, Geografi, dan Sejarah") -> Tenaga pendampingan pembelajaran mata Pelajaran Ilmu Pengetahuan Sosial (IPS) untuk mengajar mata pelajaran Sosiologi, Ekonomi, Geografi, dan Sejarah | Q41: =IFERROR(__xludf.DUMMYFUNCTION("""COMPUTED_VALUE"""),"Kabupaten Jepara, Jawa Tengah") -> Kabupaten Jepara, Jawa Tengah | R41: =IFERROR(__xludf.DUMMYFUNCTION("""COMPUTED_VALUE"""),"https://drive.google.com/file/d/1wDAZ_wDIjpdbkq8h7kXvWAEEOa7ESmDe/view?usp=drivesdk") -> https://drive.google.com/file/d/1wDAZ_wDIjpdbkq8h7kXvWAEEOa7ESmDe/view?usp=drivesdk | S41: =IFERROR(__xludf.DUMMYFUNCTION("""COMPUTED_VALUE"""),"https://drive.google.com/file/d/1hhvZIEChyA9oW7HYA2tM058Q0lahrG6T/view?usp=sharing") -> https://drive.google.com/file/d/1hhvZIEChyA9oW7HYA2tM058Q0lahrG6T/view?usp=sharing | T41: =IFERROR(__xludf.DUMMYFUNCTION("""COMPUTED_VALUE"""),"Alumni PPG Calon Guru / Prajabatan FKIP UNS") -> Alumni PPG Calon Guru / Prajabatan FKIP UNS | U41: =IFERROR(__xludf.DUMMYFUNCTION("""COMPUTED_VALUE"""),"X942402465") -> X942402465 | V41: =IFERROR(__xludf.DUMMYFUNCTION("""COMPUTED_VALUE"""),"-") -> - | W41: =IFERROR(__xludf.DUMMYFUNCTION("""COMPUTED_VALUE"""),"-") -> - | X41: =IFERROR(__xludf.DUMMYFUNCTION("""COMPUTED_VALUE"""),"-") -> - | Y41: =IFERROR(__xludf.DUMMYFUNCTION("""COMPUTED_VALUE"""),"-") -> -
A42: =IFERROR(__xludf.DUMMYFUNCTION("""COMPUTED_VALUE"""),46231.9111475) -> 46231.911 | B42: =IFERROR(__xludf.DUMMYFUNCTION("""COMPUTED_VALUE"""),"atnidwihasmarayekti@gmail.com") -> atnidwihasmarayekti@gmail.com | C42: =IFERROR(__xludf.DUMMYFUNCTION("""COMPUTED_VALUE"""),"Atni Dwi Hasmara Yekti, S.Pd., Gr.") -> Atni Dwi Hasmara Yekti, S.Pd., Gr. | D42: =IFERROR(__xludf.DUMMYFUNCTION("""COMPUTED_VALUE"""),7.00015249E9) -> 7000152490 | E42: =IFERROR(__xludf.DUMMYFUNCTION("""COMPUTED_VALUE"""),"088980051908") -> 088980051908 | F42: =IFERROR(__xludf.DUMMYFUNCTION("""COMPUTED_VALUE"""),36699.0) -> 36699 | G42: =IFERROR(__xludf.DUMMYFUNCTION("""COMPUTED_VALUE"""),"Pendidikan Kimia") -> Pendidikan Kimia | H42: =IFERROR(__xludf.DUMMYFUNCTION("""COMPUTED_VALUE"""),"Universitas Islam Indonesia") -> Universitas Islam Indonesia | I42: =IFERROR(__xludf.DUMMYFUNCTION("""COMPUTED_VALUE"""),"Ilmu Pengetahuan Alam (IPA)") -> Ilmu Pengetahuan Alam (IPA) | J42: =IFERROR(__xludf.DUMMYFUNCTION("""COMPUTED_VALUE"""),"PPG Prajabatan Gelombang 1 Tahun 2023") -> PPG Prajabatan Gelombang 1 Tahun 2023 | K42: =IFERROR(__xludf.DUMMYFUNCTION("""COMPUTED_VALUE"""),2024.0) -> 2024 | L42: =IFERROR(__xludf.DUMMYFUNCTION("""COMPUTED_VALUE"""),"3.92") -> 3.92 | M42: =IFERROR(__xludf.DUMMYFUNCTION("""COMPUTED_VALUE"""),"3.93") -> 3.93 | N42: =IFERROR(__xludf.DUMMYFUNCTION("""COMPUTED_VALUE"""),"Kabupaten Purworejo, Jawa Tengah") -> Kabupaten Purworejo, Jawa Tengah | O42: =IFERROR(__xludf.DUMMYFUNCTION("""COMPUTED_VALUE"""),"Tidak") -> Tidak | P42: =IFERROR(__xludf.DUMMYFUNCTION("""COMPUTED_VALUE"""),"Tenaga pendampingan pembelajaran mata Pelajaran Ilmu Pengetahuan Alam (IPA) untuk mengajar mata pelajaran Biologi, Kimia, Fisika") -> Tenaga pendampingan pembelajaran mata Pelajaran Ilmu Pengetahuan Alam (IPA) untuk mengajar mata pelajaran Biologi, Kimia, Fisika | Q42: =IFERROR(__xludf.DUMMYFUNCTION("""COMPUTED_VALUE"""),"Kabupaten Jepara, Jawa Tengah") -> Kabupaten Jepara, Jawa Tengah | R42: =IFERROR(__xludf.DUMMYFUNCTION("""COMPUTED_VALUE"""),"https://drive.google.com/drive/folders/1mjoMheW0r7Ofaf4cfqv62KvsYys3__xT") -> https://drive.google.com/drive/folders/1mjoMheW0r7Ofaf4cfqv62KvsYys3__xT | S42: =IFERROR(__xludf.DUMMYFUNCTION("""COMPUTED_VALUE"""),"https://drive.google.com/drive/folders/1mjoMheW0r7Ofaf4cfqv62KvsYys3__xT") -> https://drive.google.com/drive/folders/1mjoMheW0r7Ofaf4cfqv62KvsYys3__xT | T42: =IFERROR(__xludf.DUMMYFUNCTION("""COMPUTED_VALUE"""),"Alumni PPG Calon Guru / Prajabatan FKIP UNS") -> Alumni PPG Calon Guru / Prajabatan FKIP UNS | U42: =IFERROR(__xludf.DUMMYFUNCTION("""COMPUTED_VALUE"""),"X902308151") -> X902308151 | V42: =IFERROR(__xludf.DUMMYFUNCTION("""COMPUTED_VALUE"""),"-") -> - | W42: =IFERROR(__xludf.DUMMYFUNCTION("""COMPUTED_VALUE"""),"-") -> - | X42: =IFERROR(__xludf.DUMMYFUNCTION("""COMPUTED_VALUE"""),"-") -> - | Y42: =IFERROR(__xludf.DUMMYFUNCTION("""COMPUTED_VALUE"""),"-") -> -
